<?xml version="1.0" encoding="UTF-8"?>
<!--Created by Kactus200:44:13 24.04.2014-->
<spirit:abstractionDefinition xmlns:kactus2="http://funbase.cs.tut.fi/" xmlns:spirit="http://www.spiritconsortium.org/XMLSchema/SPIRIT/1.5" xmlns:xsi="http://www.w3.org/2001/XMLSchema-instance" xsi:schemaLocation="http://www.spiritconsortium.org/XMLSchema/SPIRIT/1.5 http://www.spiritconsortium.org/XMLSchema/SPIRIT/1.5/index.xsd">
	<spirit:vendor>ARM</spirit:vendor>
	<spirit:library>bus</spirit:library>
	<spirit:name>axis.absDef</spirit:name>
	<spirit:version>1.0</spirit:version>
	<spirit:busType spirit:vendor="ARM" spirit:library="bus" spirit:name="axis" spirit:version="1.0"/>
	<spirit:ports>
		<spirit:port>
			<spirit:logicalName>AXIS</spirit:logicalName>
			<spirit:wire>
				<spirit:onMaster>
					<spirit:presence>required</spirit:presence>
					<spirit:width>1</spirit:width>
					<spirit:direction>out</spirit:direction>
				</spirit:onMaster>
				<spirit:onSlave>
					<spirit:presence>required</spirit:presence>
					<spirit:width>1</spirit:width>
					<spirit:direction>in</spirit:direction>
				</spirit:onSlave>
				<spirit:requiresDriver spirit:driverType="any"/>false</spirit:wire>
		</spirit:port>
	</spirit:ports>
</spirit:abstractionDefinition>
