<?xml version="1.0" encoding="UTF-8"?>
<!--Created by Kactus200:44:13 24.04.2014-->
<spirit:busDefinition xmlns:kactus2="http://funbase.cs.tut.fi/" xmlns:spirit="http://www.spiritconsortium.org/XMLSchema/SPIRIT/1.5" xmlns:xsi="http://www.w3.org/2001/XMLSchema-instance" xsi:schemaLocation="http://www.spiritconsortium.org/XMLSchema/SPIRIT/1.5 http://www.spiritconsortium.org/XMLSchema/SPIRIT/1.5/index.xsd">
	<spirit:vendor>ARM</spirit:vendor>
	<spirit:library>bus</spirit:library>
	<spirit:name>axis</spirit:name>
	<spirit:version>1.0</spirit:version>
	<spirit:directConnection>true</spirit:directConnection>
	<spirit:isAddressable>true</spirit:isAddressable>
</spirit:busDefinition>
