<?xml version="1.0" encoding="UTF-8"?>
<!-- Created by Kactus2 - Open source IP-Xact toolset -->
<!-- http://sourceforge.net/projects/kactus2/ -->
<!-- Date: 02.10.2012 -->
<!-- Time: 17:46:20 -->
<spirit:component xmlns:kactus2="http://funbase.cs.tut.fi/" xmlns:spirit="http://www.spiritconsortium.org/XMLSchema/SPIRIT/1.5" xmlns:xsi="http://www.w3.org/2001/XMLSchema-instance" xsi:schemaLocation="http://www.spiritconsortium.org/XMLSchema/SPIRIT/1.5 http://www.spiritconsortium.org/XMLSchema/SPIRIT/1.5/index.xsd">
	<spirit:vendor>TUM</spirit:vendor>
	<spirit:library>soc</spirit:library>
	<spirit:name>DMA</spirit:name>
	<spirit:version>1.0</spirit:version>
	<spirit:busInterfaces>
		<spirit:busInterface>
			<spirit:name>dma_m</spirit:name>
			<spirit:busType spirit:vendor="TUM" spirit:library="ip" spirit:name="wb_soc" spirit:version="1.0"/>
			<spirit:abstractionType spirit:vendor="TUM" spirit:library="ip" spirit:name="wb_soc.absDef" spirit:version="1.0"/>
			<spirit:master/>
			<spirit:connectionRequired>false</spirit:connectionRequired>
			<spirit:portMaps>
				<spirit:portMap>
					<spirit:logicalPort>
						<spirit:name>ACK</spirit:name>
						<spirit:vector>
							<spirit:left>0</spirit:left>
							<spirit:right>0</spirit:right>
						</spirit:vector>
					</spirit:logicalPort>
					<spirit:physicalPort>
						<spirit:name>dma_ack</spirit:name>
						<spirit:vector>
							<spirit:left>0</spirit:left>
							<spirit:right>0</spirit:right>
						</spirit:vector>
					</spirit:physicalPort>
				</spirit:portMap>
				<spirit:portMap>
					<spirit:logicalPort>
						<spirit:name>ADDR</spirit:name>
						<spirit:vector>
							<spirit:left>31</spirit:left>
							<spirit:right>0</spirit:right>
						</spirit:vector>
					</spirit:logicalPort>
					<spirit:physicalPort>
						<spirit:name>dma_addr</spirit:name>
						<spirit:vector>
							<spirit:left>31</spirit:left>
							<spirit:right>0</spirit:right>
						</spirit:vector>
					</spirit:physicalPort>
				</spirit:portMap>
				<spirit:portMap>
					<spirit:logicalPort>
						<spirit:name>CLK</spirit:name>
						<spirit:vector>
							<spirit:left>0</spirit:left>
							<spirit:right>0</spirit:right>
						</spirit:vector>
					</spirit:logicalPort>
					<spirit:physicalPort>
						<spirit:name>dma_clk</spirit:name>
						<spirit:vector>
							<spirit:left>0</spirit:left>
							<spirit:right>0</spirit:right>
						</spirit:vector>
					</spirit:physicalPort>
				</spirit:portMap>
				<spirit:portMap>
					<spirit:logicalPort>
						<spirit:name>CYC</spirit:name>
						<spirit:vector>
							<spirit:left>0</spirit:left>
							<spirit:right>0</spirit:right>
						</spirit:vector>
					</spirit:logicalPort>
					<spirit:physicalPort>
						<spirit:name>dma_cyc</spirit:name>
						<spirit:vector>
							<spirit:left>0</spirit:left>
							<spirit:right>0</spirit:right>
						</spirit:vector>
					</spirit:physicalPort>
				</spirit:portMap>
				<spirit:portMap>
					<spirit:logicalPort>
						<spirit:name>DATA</spirit:name>
						<spirit:vector>
							<spirit:left>31</spirit:left>
							<spirit:right>0</spirit:right>
						</spirit:vector>
					</spirit:logicalPort>
					<spirit:physicalPort>
						<spirit:name>dma_data</spirit:name>
						<spirit:vector>
							<spirit:left>31</spirit:left>
							<spirit:right>0</spirit:right>
						</spirit:vector>
					</spirit:physicalPort>
				</spirit:portMap>
				<spirit:portMap>
					<spirit:logicalPort>
						<spirit:name>RST</spirit:name>
						<spirit:vector>
							<spirit:left>0</spirit:left>
							<spirit:right>0</spirit:right>
						</spirit:vector>
					</spirit:logicalPort>
					<spirit:physicalPort>
						<spirit:name>dma_rst</spirit:name>
						<spirit:vector>
							<spirit:left>0</spirit:left>
							<spirit:right>0</spirit:right>
						</spirit:vector>
					</spirit:physicalPort>
				</spirit:portMap>
				<spirit:portMap>
					<spirit:logicalPort>
						<spirit:name>SEL</spirit:name>
						<spirit:vector>
							<spirit:left>0</spirit:left>
							<spirit:right>0</spirit:right>
						</spirit:vector>
					</spirit:logicalPort>
					<spirit:physicalPort>
						<spirit:name>dma_sel</spirit:name>
						<spirit:vector>
							<spirit:left>0</spirit:left>
							<spirit:right>0</spirit:right>
						</spirit:vector>
					</spirit:physicalPort>
				</spirit:portMap>
				<spirit:portMap>
					<spirit:logicalPort>
						<spirit:name>STB</spirit:name>
						<spirit:vector>
							<spirit:left>0</spirit:left>
							<spirit:right>0</spirit:right>
						</spirit:vector>
					</spirit:logicalPort>
					<spirit:physicalPort>
						<spirit:name>dma_stb</spirit:name>
						<spirit:vector>
							<spirit:left>0</spirit:left>
							<spirit:right>0</spirit:right>
						</spirit:vector>
					</spirit:physicalPort>
				</spirit:portMap>
				<spirit:portMap>
					<spirit:logicalPort>
						<spirit:name>WE</spirit:name>
						<spirit:vector>
							<spirit:left>0</spirit:left>
							<spirit:right>0</spirit:right>
						</spirit:vector>
					</spirit:logicalPort>
					<spirit:physicalPort>
						<spirit:name>dma_we</spirit:name>
						<spirit:vector>
							<spirit:left>0</spirit:left>
							<spirit:right>0</spirit:right>
						</spirit:vector>
					</spirit:physicalPort>
				</spirit:portMap>
			</spirit:portMaps>
			<spirit:bitsInLau>8</spirit:bitsInLau>
			<spirit:endianness>little</spirit:endianness>
		</spirit:busInterface>
	</spirit:busInterfaces>
	<spirit:model>
		<spirit:views>
			<spirit:view>
				<spirit:name>flat</spirit:name>
				<spirit:envIdentifier>::</spirit:envIdentifier>
			</spirit:view>
			<spirit:view>
				<spirit:name>structural</spirit:name>
				<spirit:envIdentifier>::</spirit:envIdentifier>
				<spirit:hierarchyRef spirit:vendor="TUM" spirit:library="soc" spirit:name="DMA.structural.designcfg" spirit:version="1.0"/>
			</spirit:view>
		</spirit:views>
		<spirit:ports>
			<spirit:port>
				<spirit:name>dma_ack</spirit:name>
				<spirit:wire spirit:allLogicalDirectionsAllowed="false">
					<spirit:direction>in</spirit:direction>
					<spirit:vector>
						<spirit:left>0</spirit:left>
						<spirit:right>0</spirit:right>
					</spirit:vector>
					<spirit:wireTypeDefs>
						<spirit:wireTypeDef>
							<spirit:typeName spirit:constrained="false">std_logic</spirit:typeName>
							<spirit:typeDefinition>IEEE.std_logic_1164.all</spirit:typeDefinition>
							<spirit:viewNameRef>flat</spirit:viewNameRef>
							<spirit:viewNameRef>structural</spirit:viewNameRef>
						</spirit:wireTypeDef>
					</spirit:wireTypeDefs>
				</spirit:wire>
				<spirit:vendorExtensions/>
			</spirit:port>
			<spirit:port>
				<spirit:name>dma_addr</spirit:name>
				<spirit:wire spirit:allLogicalDirectionsAllowed="false">
					<spirit:direction>out</spirit:direction>
					<spirit:vector>
						<spirit:left>31</spirit:left>
						<spirit:right>0</spirit:right>
					</spirit:vector>
					<spirit:wireTypeDefs>
						<spirit:wireTypeDef>
							<spirit:typeName spirit:constrained="false">std_logic_vector</spirit:typeName>
							<spirit:typeDefinition>IEEE.std_logic_1164.all</spirit:typeDefinition>
							<spirit:viewNameRef>flat</spirit:viewNameRef>
							<spirit:viewNameRef>structural</spirit:viewNameRef>
						</spirit:wireTypeDef>
					</spirit:wireTypeDefs>
				</spirit:wire>
				<spirit:vendorExtensions/>
			</spirit:port>
			<spirit:port>
				<spirit:name>dma_data</spirit:name>
				<spirit:wire spirit:allLogicalDirectionsAllowed="false">
					<spirit:direction>inout</spirit:direction>
					<spirit:vector>
						<spirit:left>31</spirit:left>
						<spirit:right>0</spirit:right>
					</spirit:vector>
					<spirit:wireTypeDefs>
						<spirit:wireTypeDef>
							<spirit:typeName spirit:constrained="false">std_logic_vector</spirit:typeName>
							<spirit:typeDefinition>IEEE.std_logic_1164.all</spirit:typeDefinition>
							<spirit:viewNameRef>flat</spirit:viewNameRef>
							<spirit:viewNameRef>structural</spirit:viewNameRef>
						</spirit:wireTypeDef>
					</spirit:wireTypeDefs>
				</spirit:wire>
				<spirit:vendorExtensions/>
			</spirit:port>
			<spirit:port>
				<spirit:name>dma_stb</spirit:name>
				<spirit:wire spirit:allLogicalDirectionsAllowed="false">
					<spirit:direction>out</spirit:direction>
					<spirit:vector>
						<spirit:left>0</spirit:left>
						<spirit:right>0</spirit:right>
					</spirit:vector>
					<spirit:wireTypeDefs>
						<spirit:wireTypeDef>
							<spirit:typeName spirit:constrained="false">std_logic</spirit:typeName>
							<spirit:typeDefinition>IEEE.std_logic_1164.all</spirit:typeDefinition>
							<spirit:viewNameRef>flat</spirit:viewNameRef>
							<spirit:viewNameRef>structural</spirit:viewNameRef>
						</spirit:wireTypeDef>
					</spirit:wireTypeDefs>
				</spirit:wire>
				<spirit:vendorExtensions/>
			</spirit:port>
			<spirit:port>
				<spirit:name>dma_clk</spirit:name>
				<spirit:wire spirit:allLogicalDirectionsAllowed="false">
					<spirit:direction>in</spirit:direction>
					<spirit:vector>
						<spirit:left>0</spirit:left>
						<spirit:right>0</spirit:right>
					</spirit:vector>
					<spirit:wireTypeDefs>
						<spirit:wireTypeDef>
							<spirit:typeName spirit:constrained="false">std_logic</spirit:typeName>
							<spirit:typeDefinition>IEEE.std_logic_1164.all</spirit:typeDefinition>
							<spirit:viewNameRef>flat</spirit:viewNameRef>
							<spirit:viewNameRef>structural</spirit:viewNameRef>
						</spirit:wireTypeDef>
					</spirit:wireTypeDefs>
				</spirit:wire>
				<spirit:vendorExtensions/>
			</spirit:port>
			<spirit:port>
				<spirit:name>dma_cyc</spirit:name>
				<spirit:wire spirit:allLogicalDirectionsAllowed="false">
					<spirit:direction>out</spirit:direction>
					<spirit:vector>
						<spirit:left>0</spirit:left>
						<spirit:right>0</spirit:right>
					</spirit:vector>
					<spirit:wireTypeDefs>
						<spirit:wireTypeDef>
							<spirit:typeName spirit:constrained="false">std_logic</spirit:typeName>
							<spirit:typeDefinition>IEEE.std_logic_1164.all</spirit:typeDefinition>
							<spirit:viewNameRef>flat</spirit:viewNameRef>
							<spirit:viewNameRef>structural</spirit:viewNameRef>
						</spirit:wireTypeDef>
					</spirit:wireTypeDefs>
				</spirit:wire>
				<spirit:vendorExtensions/>
			</spirit:port>
			<spirit:port>
				<spirit:name>dma_rst</spirit:name>
				<spirit:wire spirit:allLogicalDirectionsAllowed="false">
					<spirit:direction>in</spirit:direction>
					<spirit:vector>
						<spirit:left>0</spirit:left>
						<spirit:right>0</spirit:right>
					</spirit:vector>
					<spirit:wireTypeDefs>
						<spirit:wireTypeDef>
							<spirit:typeName spirit:constrained="false">std_logic</spirit:typeName>
							<spirit:typeDefinition>IEEE.std_logic_1164.all</spirit:typeDefinition>
							<spirit:viewNameRef>flat</spirit:viewNameRef>
							<spirit:viewNameRef>structural</spirit:viewNameRef>
						</spirit:wireTypeDef>
					</spirit:wireTypeDefs>
				</spirit:wire>
				<spirit:vendorExtensions/>
			</spirit:port>
			<spirit:port>
				<spirit:name>dma_sel</spirit:name>
				<spirit:wire spirit:allLogicalDirectionsAllowed="false">
					<spirit:direction>out</spirit:direction>
					<spirit:vector>
						<spirit:left>0</spirit:left>
						<spirit:right>0</spirit:right>
					</spirit:vector>
					<spirit:wireTypeDefs>
						<spirit:wireTypeDef>
							<spirit:typeName spirit:constrained="false">std_logic</spirit:typeName>
							<spirit:typeDefinition>IEEE.std_logic_1164.all</spirit:typeDefinition>
							<spirit:viewNameRef>flat</spirit:viewNameRef>
							<spirit:viewNameRef>structural</spirit:viewNameRef>
						</spirit:wireTypeDef>
					</spirit:wireTypeDefs>
				</spirit:wire>
				<spirit:vendorExtensions/>
			</spirit:port>
			<spirit:port>
				<spirit:name>dma_we</spirit:name>
				<spirit:wire spirit:allLogicalDirectionsAllowed="false">
					<spirit:direction>out</spirit:direction>
					<spirit:vector>
						<spirit:left>0</spirit:left>
						<spirit:right>0</spirit:right>
					</spirit:vector>
					<spirit:wireTypeDefs>
						<spirit:wireTypeDef>
							<spirit:typeName spirit:constrained="false">std_logic</spirit:typeName>
							<spirit:typeDefinition>IEEE.std_logic_1164.all</spirit:typeDefinition>
							<spirit:viewNameRef>flat</spirit:viewNameRef>
							<spirit:viewNameRef>structural</spirit:viewNameRef>
						</spirit:wireTypeDef>
					</spirit:wireTypeDefs>
				</spirit:wire>
				<spirit:vendorExtensions/>
			</spirit:port>
		</spirit:ports>
	</spirit:model>
	<spirit:vendorExtensions>
		<kactus2:extensions>
			<kactus2:kts_attributes>
				<kactus2:kts_productHier>Global</kactus2:kts_productHier>
				<kactus2:kts_implementation>HW</kactus2:kts_implementation>
				<kactus2:kts_firmness>Template</kactus2:kts_firmness>
			</kactus2:kts_attributes>
		</kactus2:extensions>
	</spirit:vendorExtensions>
</spirit:component>
