================
MODULE: System INSTANCE: System
================
<spirit:parameters>
	<spirit:parameter>
		<spirit:name>VERSION</spirit:name>
		<spirit:value>2.1.0</spirit:value>
	</spirit:parameter>
</spirit:parameters>

================
MODULE: util_vector_logic INSTANCE: util_vector_logic_0
================
<spirit:parameters>
	<spirit:parameter>
		<spirit:name>INSTANCE</spirit:name>
		<spirit:value>util_vector_logic_0</spirit:value>
	</spirit:parameter>
	<spirit:parameter>
		<spirit:name>HW_VER</spirit:name>
		<spirit:value>1.00.a</spirit:value>
	</spirit:parameter>
	<spirit:parameter>
		<spirit:name>C_OPERATION</spirit:name>
		<spirit:value>not</spirit:value>
	</spirit:parameter>
	<spirit:parameter>
		<spirit:name>C_SIZE</spirit:name>
		<spirit:value>1</spirit:value>
	</spirit:parameter>
</spirit:parameters>


================
MODULE: util_i2c_mixer INSTANCE: util_i2c_mixer_0
================
<spirit:parameters>
	<spirit:parameter>
		<spirit:name>INSTANCE</spirit:name>
		<spirit:value>util_i2c_mixer_0</spirit:value>
	</spirit:parameter>
	<spirit:parameter>
		<spirit:name>HW_VER</spirit:name>
		<spirit:value>1.00.a</spirit:value>
	</spirit:parameter>
</spirit:parameters>


================
MODULE: processing_system7 INSTANCE: processing_system7_0
================
<spirit:parameters>
	<spirit:parameter>
		<spirit:name>INSTANCE</spirit:name>
		<spirit:value>processing_system7_0</spirit:value>
	</spirit:parameter>
	<spirit:parameter>
		<spirit:name>HW_VER</spirit:name>
		<spirit:value>3.00.a</spirit:value>
	</spirit:parameter>
	<spirit:parameter>
		<spirit:name>C_DDR_RAM_HIGHADDR</spirit:name>
		<spirit:value>0x1FFFFFFF</spirit:value>
	</spirit:parameter>
	<spirit:parameter>
		<spirit:name>C_EN_EMIO_CAN0</spirit:name>
		<spirit:value>0</spirit:value>
	</spirit:parameter>
	<spirit:parameter>
		<spirit:name>C_EN_EMIO_CAN1</spirit:name>
		<spirit:value>0</spirit:value>
	</spirit:parameter>
	<spirit:parameter>
		<spirit:name>C_EN_EMIO_ENET0</spirit:name>
		<spirit:value>0</spirit:value>
	</spirit:parameter>
	<spirit:parameter>
		<spirit:name>C_EN_EMIO_ENET1</spirit:name>
		<spirit:value>0</spirit:value>
	</spirit:parameter>
	<spirit:parameter>
		<spirit:name>C_EN_EMIO_I2C0</spirit:name>
		<spirit:value>0</spirit:value>
	</spirit:parameter>
	<spirit:parameter>
		<spirit:name>C_EN_EMIO_I2C1</spirit:name>
		<spirit:value>0</spirit:value>
	</spirit:parameter>
	<spirit:parameter>
		<spirit:name>C_EN_EMIO_PJTAG</spirit:name>
		<spirit:value>0</spirit:value>
	</spirit:parameter>
	<spirit:parameter>
		<spirit:name>C_EN_EMIO_SDIO0</spirit:name>
		<spirit:value>0</spirit:value>
	</spirit:parameter>
	<spirit:parameter>
		<spirit:name>C_EN_EMIO_SDIO1</spirit:name>
		<spirit:value>0</spirit:value>
	</spirit:parameter>
	<spirit:parameter>
		<spirit:name>C_EN_EMIO_SPI0</spirit:name>
		<spirit:value>0</spirit:value>
	</spirit:parameter>
	<spirit:parameter>
		<spirit:name>C_EN_EMIO_SPI1</spirit:name>
		<spirit:value>0</spirit:value>
	</spirit:parameter>
	<spirit:parameter>
		<spirit:name>C_EN_EMIO_SRAM_INT</spirit:name>
		<spirit:value>0</spirit:value>
	</spirit:parameter>
	<spirit:parameter>
		<spirit:name>C_EN_EMIO_TRACE</spirit:name>
		<spirit:value>0</spirit:value>
	</spirit:parameter>
	<spirit:parameter>
		<spirit:name>C_EN_EMIO_TTC0</spirit:name>
		<spirit:value>1</spirit:value>
	</spirit:parameter>
	<spirit:parameter>
		<spirit:name>C_EN_EMIO_TTC1</spirit:name>
		<spirit:value>0</spirit:value>
	</spirit:parameter>
	<spirit:parameter>
		<spirit:name>C_EN_EMIO_UART0</spirit:name>
		<spirit:value>0</spirit:value>
	</spirit:parameter>
	<spirit:parameter>
		<spirit:name>C_EN_EMIO_UART1</spirit:name>
		<spirit:value>0</spirit:value>
	</spirit:parameter>
	<spirit:parameter>
		<spirit:name>C_EN_EMIO_MODEM_UART0</spirit:name>
		<spirit:value>0</spirit:value>
	</spirit:parameter>
	<spirit:parameter>
		<spirit:name>C_EN_EMIO_MODEM_UART1</spirit:name>
		<spirit:value>0</spirit:value>
	</spirit:parameter>
	<spirit:parameter>
		<spirit:name>C_EN_EMIO_USB0</spirit:name>
		<spirit:value>0</spirit:value>
	</spirit:parameter>
	<spirit:parameter>
		<spirit:name>C_EN_EMIO_USB1</spirit:name>
		<spirit:value>0</spirit:value>
	</spirit:parameter>
	<spirit:parameter>
		<spirit:name>C_EN_EMIO_WDT</spirit:name>
		<spirit:value>0</spirit:value>
	</spirit:parameter>
	<spirit:parameter>
		<spirit:name>C_EN_QSPI</spirit:name>
		<spirit:value>1</spirit:value>
	</spirit:parameter>
	<spirit:parameter>
		<spirit:name>C_EN_SMC</spirit:name>
		<spirit:value>0</spirit:value>
	</spirit:parameter>
	<spirit:parameter>
		<spirit:name>C_EN_CAN0</spirit:name>
		<spirit:value>0</spirit:value>
	</spirit:parameter>
	<spirit:parameter>
		<spirit:name>C_EN_CAN1</spirit:name>
		<spirit:value>0</spirit:value>
	</spirit:parameter>
	<spirit:parameter>
		<spirit:name>C_EN_ENET0</spirit:name>
		<spirit:value>1</spirit:value>
	</spirit:parameter>
	<spirit:parameter>
		<spirit:name>C_EN_ENET1</spirit:name>
		<spirit:value>0</spirit:value>
	</spirit:parameter>
	<spirit:parameter>
		<spirit:name>C_EN_I2C0</spirit:name>
		<spirit:value>1</spirit:value>
	</spirit:parameter>
	<spirit:parameter>
		<spirit:name>C_EN_I2C1</spirit:name>
		<spirit:value>0</spirit:value>
	</spirit:parameter>
	<spirit:parameter>
		<spirit:name>C_EN_PJTAG</spirit:name>
		<spirit:value>1</spirit:value>
	</spirit:parameter>
	<spirit:parameter>
		<spirit:name>C_EN_SDIO0</spirit:name>
		<spirit:value>1</spirit:value>
	</spirit:parameter>
	<spirit:parameter>
		<spirit:name>C_EN_SDIO1</spirit:name>
		<spirit:value>0</spirit:value>
	</spirit:parameter>
	<spirit:parameter>
		<spirit:name>C_EN_SPI0</spirit:name>
		<spirit:value>0</spirit:value>
	</spirit:parameter>
	<spirit:parameter>
		<spirit:name>C_EN_SPI1</spirit:name>
		<spirit:value>0</spirit:value>
	</spirit:parameter>
	<spirit:parameter>
		<spirit:name>C_EN_TRACE</spirit:name>
		<spirit:value>0</spirit:value>
	</spirit:parameter>
	<spirit:parameter>
		<spirit:name>C_EN_TTC0</spirit:name>
		<spirit:value>1</spirit:value>
	</spirit:parameter>
	<spirit:parameter>
		<spirit:name>C_EN_TTC1</spirit:name>
		<spirit:value>0</spirit:value>
	</spirit:parameter>
	<spirit:parameter>
		<spirit:name>C_EN_UART0</spirit:name>
		<spirit:value>0</spirit:value>
	</spirit:parameter>
	<spirit:parameter>
		<spirit:name>C_EN_UART1</spirit:name>
		<spirit:value>1</spirit:value>
	</spirit:parameter>
	<spirit:parameter>
		<spirit:name>C_EN_MODEM_UART0</spirit:name>
		<spirit:value>0</spirit:value>
	</spirit:parameter>
	<spirit:parameter>
		<spirit:name>C_EN_MODEM_UART1</spirit:name>
		<spirit:value>0</spirit:value>
	</spirit:parameter>
	<spirit:parameter>
		<spirit:name>C_EN_USB0</spirit:name>
		<spirit:value>1</spirit:value>
	</spirit:parameter>
	<spirit:parameter>
		<spirit:name>C_EN_USB1</spirit:name>
		<spirit:value>0</spirit:value>
	</spirit:parameter>
	<spirit:parameter>
		<spirit:name>C_EN_WDT</spirit:name>
		<spirit:value>0</spirit:value>
	</spirit:parameter>
	<spirit:parameter>
		<spirit:name>C_EN_DDR</spirit:name>
		<spirit:value>1</spirit:value>
	</spirit:parameter>
	<spirit:parameter>
		<spirit:name>C_FCLK_CLK0_FREQ</spirit:name>
		<spirit:value>100000000</spirit:value>
	</spirit:parameter>
	<spirit:parameter>
		<spirit:name>C_FCLK_CLK1_FREQ</spirit:name>
		<spirit:value>200000000</spirit:value>
	</spirit:parameter>
	<spirit:parameter>
		<spirit:name>C_FCLK_CLK2_FREQ</spirit:name>
		<spirit:value>200000000</spirit:value>
	</spirit:parameter>
	<spirit:parameter>
		<spirit:name>C_FCLK_CLK3_FREQ</spirit:name>
		<spirit:value>142857132</spirit:value>
	</spirit:parameter>
	<spirit:parameter>
		<spirit:name>C_USE_M_AXI_GP0</spirit:name>
		<spirit:value>1</spirit:value>
	</spirit:parameter>
	<spirit:parameter>
		<spirit:name>C_USE_S_AXI_HP0</spirit:name>
		<spirit:value>1</spirit:value>
	</spirit:parameter>
	<spirit:parameter>
		<spirit:name>C_USE_S_AXI_HP2</spirit:name>
		<spirit:value>0</spirit:value>
	</spirit:parameter>
	<spirit:parameter>
		<spirit:name>C_INTERCONNECT_S_AXI_HP1_MASTERS</spirit:name>
		<spirit:value>axi_dma_spdif.M_AXI_MM2S & axi_dma_spdif.M_AXI_SG & axi_dma_i2s.M_AXI_MM2S & axi_dma_i2s.M_AXI_SG & axi_dma_i2s.M_AXI_S2MM</spirit:value>
	</spirit:parameter>
	<spirit:parameter>
		<spirit:name>C_EN_GPIO</spirit:name>
		<spirit:value>1</spirit:value>
	</spirit:parameter>
	<spirit:parameter>
		<spirit:name>C_USE_M_AXI_GP1</spirit:name>
		<spirit:value>0</spirit:value>
	</spirit:parameter>
	<spirit:parameter>
		<spirit:name>C_USE_S_AXI_HP1</spirit:name>
		<spirit:value>1</spirit:value>
	</spirit:parameter>
	<spirit:parameter>
		<spirit:name>C_EMIO_GPIO_WIDTH</spirit:name>
		<spirit:value>64</spirit:value>
	</spirit:parameter>
	<spirit:parameter>
		<spirit:name>C_INTERCONNECT_S_AXI_HP0_MASTERS</spirit:name>
		<spirit:value>axi_vdma_0.M_AXI_MM2S</spirit:value>
	</spirit:parameter>
</spirit:parameters>


================
MODULE: clock_generator INSTANCE: clock_generator_0
================
<spirit:parameters>
	<spirit:parameter>
		<spirit:name>INSTANCE</spirit:name>
		<spirit:value>clock_generator_0</spirit:value>
	</spirit:parameter>
	<spirit:parameter>
		<spirit:name>HW_VER</spirit:name>
		<spirit:value>4.03.a</spirit:value>
	</spirit:parameter>
	<spirit:parameter>
		<spirit:name>C_CLKIN_FREQ</spirit:name>
		<spirit:value>200000000</spirit:value>
	</spirit:parameter>
	<spirit:parameter>
		<spirit:name>C_CLKOUT0_FREQ</spirit:name>
		<spirit:value>12288135</spirit:value>
	</spirit:parameter>
</spirit:parameters>


================
MODULE: test_mem INSTANCE: cam_mem_0
================
<spirit:parameters>
	<spirit:parameter>
		<spirit:name>INSTANCE</spirit:name>
		<spirit:value>cam_mem_0</spirit:value>
	</spirit:parameter>
	<spirit:parameter>
		<spirit:name>HW_VER</spirit:name>
		<spirit:value>1.00.a</spirit:value>
	</spirit:parameter>
	<spirit:parameter>
		<spirit:name>C_S_AXI_MEM0_BASEADDR</spirit:name>
		<spirit:value>0x43010000</spirit:value>
	</spirit:parameter>
	<spirit:parameter>
		<spirit:name>C_S_AXI_MEM0_HIGHADDR</spirit:name>
		<spirit:value>0x43010fff</spirit:value>
	</spirit:parameter>
	<spirit:parameter>
		<spirit:name>C_S_AXI_MEM1_BASEADDR</spirit:name>
		<spirit:value>0x43011000</spirit:value>
	</spirit:parameter>
	<spirit:parameter>
		<spirit:name>C_S_AXI_MEM1_HIGHADDR</spirit:name>
		<spirit:value>0x43011fff</spirit:value>
	</spirit:parameter>
</spirit:parameters>


================
MODULE: axi_vdma INSTANCE: axi_vdma_0
================
<spirit:parameters>
	<spirit:parameter>
		<spirit:name>INSTANCE</spirit:name>
		<spirit:value>axi_vdma_0</spirit:value>
	</spirit:parameter>
	<spirit:parameter>
		<spirit:name>HW_VER</spirit:name>
		<spirit:value>5.04.a</spirit:value>
	</spirit:parameter>
	<spirit:parameter>
		<spirit:name>C_USE_FSYNC</spirit:name>
		<spirit:value>1</spirit:value>
	</spirit:parameter>
	<spirit:parameter>
		<spirit:name>C_INCLUDE_S2MM</spirit:name>
		<spirit:value>0</spirit:value>
	</spirit:parameter>
	<spirit:parameter>
		<spirit:name>C_M_AXI_MM2S_DATA_WIDTH</spirit:name>
		<spirit:value>64</spirit:value>
	</spirit:parameter>
	<spirit:parameter>
		<spirit:name>C_M_AXIS_MM2S_TDATA_WIDTH</spirit:name>
		<spirit:value>64</spirit:value>
	</spirit:parameter>
	<spirit:parameter>
		<spirit:name>C_MM2S_LINEBUFFER_THRESH</spirit:name>
		<spirit:value>8</spirit:value>
	</spirit:parameter>
	<spirit:parameter>
		<spirit:name>C_NUM_FSTORES</spirit:name>
		<spirit:value>1</spirit:value>
	</spirit:parameter>
	<spirit:parameter>
		<spirit:name>C_BASEADDR</spirit:name>
		<spirit:value>0x43000000</spirit:value>
	</spirit:parameter>
	<spirit:parameter>
		<spirit:name>C_HIGHADDR</spirit:name>
		<spirit:value>0x4300ffff</spirit:value>
	</spirit:parameter>
</spirit:parameters>


================
MODULE: axi_spdif_tx INSTANCE: axi_spdif_tx_0
================
<spirit:parameters>
	<spirit:parameter>
		<spirit:name>INSTANCE</spirit:name>
		<spirit:value>axi_spdif_tx_0</spirit:value>
	</spirit:parameter>
	<spirit:parameter>
		<spirit:name>HW_VER</spirit:name>
		<spirit:value>1.00.a</spirit:value>
	</spirit:parameter>
	<spirit:parameter>
		<spirit:name>C_BASEADDR</spirit:name>
		<spirit:value>0x75c00000</spirit:value>
	</spirit:parameter>
	<spirit:parameter>
		<spirit:name>C_HIGHADDR</spirit:name>
		<spirit:value>0x75c0ffff</spirit:value>
	</spirit:parameter>
</spirit:parameters>


================
MODULE: axi_interconnect INSTANCE: axi_interconnect_2
================
<spirit:parameters>
	<spirit:parameter>
		<spirit:name>INSTANCE</spirit:name>
		<spirit:value>axi_interconnect_2</spirit:value>
	</spirit:parameter>
	<spirit:parameter>
		<spirit:name>HW_VER</spirit:name>
		<spirit:value>1.06.a</spirit:value>
	</spirit:parameter>
	<spirit:parameter>
		<spirit:name>C_INTERCONNECT_CONNECTIVITY_MODE</spirit:name>
		<spirit:value>1</spirit:value>
	</spirit:parameter>
</spirit:parameters>


================
MODULE: axi_interconnect INSTANCE: axi_interconnect_1
================
<spirit:parameters>
	<spirit:parameter>
		<spirit:name>INSTANCE</spirit:name>
		<spirit:value>axi_interconnect_1</spirit:value>
	</spirit:parameter>
	<spirit:parameter>
		<spirit:name>HW_VER</spirit:name>
		<spirit:value>1.06.a</spirit:value>
	</spirit:parameter>
	<spirit:parameter>
		<spirit:name>C_INTERCONNECT_CONNECTIVITY_MODE</spirit:name>
		<spirit:value>0</spirit:value>
	</spirit:parameter>
</spirit:parameters>


================
MODULE: axi_interconnect INSTANCE: axi_interconnect_0
================
<spirit:parameters>
	<spirit:parameter>
		<spirit:name>INSTANCE</spirit:name>
		<spirit:value>axi_interconnect_0</spirit:value>
	</spirit:parameter>
	<spirit:parameter>
		<spirit:name>HW_VER</spirit:name>
		<spirit:value>1.06.a</spirit:value>
	</spirit:parameter>
</spirit:parameters>


================
MODULE: axi_iic INSTANCE: axi_iic_0
================
<spirit:parameters>
	<spirit:parameter>
		<spirit:name>INSTANCE</spirit:name>
		<spirit:value>axi_iic_0</spirit:value>
	</spirit:parameter>
	<spirit:parameter>
		<spirit:name>HW_VER</spirit:name>
		<spirit:value>1.02.a</spirit:value>
	</spirit:parameter>
	<spirit:parameter>
		<spirit:name>C_S_AXI_ACLK_FREQ_HZ</spirit:name>
		<spirit:value>100000000</spirit:value>
	</spirit:parameter>
	<spirit:parameter>
		<spirit:name>C_BASEADDR</spirit:name>
		<spirit:value>0x41600000</spirit:value>
	</spirit:parameter>
	<spirit:parameter>
		<spirit:name>C_HIGHADDR</spirit:name>
		<spirit:value>0x4160ffff</spirit:value>
	</spirit:parameter>
</spirit:parameters>


================
MODULE: axi_i2s_adi INSTANCE: axi_i2s_adi_0
================
<spirit:parameters>
	<spirit:parameter>
		<spirit:name>INSTANCE</spirit:name>
		<spirit:value>axi_i2s_adi_0</spirit:value>
	</spirit:parameter>
	<spirit:parameter>
		<spirit:name>HW_VER</spirit:name>
		<spirit:value>1.00.a</spirit:value>
	</spirit:parameter>
	<spirit:parameter>
		<spirit:name>C_BCLK_POL</spirit:name>
		<spirit:value>0</spirit:value>
	</spirit:parameter>
	<spirit:parameter>
		<spirit:name>C_LRCLK_POL</spirit:name>
		<spirit:value>0</spirit:value>
	</spirit:parameter>
	<spirit:parameter>
		<spirit:name>C_FRM_SYNC</spirit:name>
		<spirit:value>0</spirit:value>
	</spirit:parameter>
	<spirit:parameter>
		<spirit:name>C_BASEADDR</spirit:name>
		<spirit:value>0x77600000</spirit:value>
	</spirit:parameter>
	<spirit:parameter>
		<spirit:name>C_HIGHADDR</spirit:name>
		<spirit:value>0x7760ffff</spirit:value>
	</spirit:parameter>
</spirit:parameters>


================
MODULE: axi_hdmi_tx_16b INSTANCE: axi_hdmi_tx_16b_0
================
<spirit:parameters>
	<spirit:parameter>
		<spirit:name>INSTANCE</spirit:name>
		<spirit:value>axi_hdmi_tx_16b_0</spirit:value>
	</spirit:parameter>
	<spirit:parameter>
		<spirit:name>HW_VER</spirit:name>
		<spirit:value>1.00.a</spirit:value>
	</spirit:parameter>
	<spirit:parameter>
		<spirit:name>C_BASEADDR</spirit:name>
		<spirit:value>0x70e00000</spirit:value>
	</spirit:parameter>
	<spirit:parameter>
		<spirit:name>C_HIGHADDR</spirit:name>
		<spirit:value>0x70e0ffff</spirit:value>
	</spirit:parameter>
</spirit:parameters>


================
MODULE: axi_dma INSTANCE: axi_dma_spdif
================
<spirit:parameters>
	<spirit:parameter>
		<spirit:name>INSTANCE</spirit:name>
		<spirit:value>axi_dma_spdif</spirit:value>
	</spirit:parameter>
	<spirit:parameter>
		<spirit:name>HW_VER</spirit:name>
		<spirit:value>5.00.a</spirit:value>
	</spirit:parameter>
	<spirit:parameter>
		<spirit:name>C_INCLUDE_S2MM</spirit:name>
		<spirit:value>0</spirit:value>
	</spirit:parameter>
	<spirit:parameter>
		<spirit:name>C_INCLUDE_SG</spirit:name>
		<spirit:value>1</spirit:value>
	</spirit:parameter>
	<spirit:parameter>
		<spirit:name>C_SG_INCLUDE_STSCNTRL_STRM</spirit:name>
		<spirit:value>0</spirit:value>
	</spirit:parameter>
	<spirit:parameter>
		<spirit:name>C_SG_LENGTH_WIDTH</spirit:name>
		<spirit:value>20</spirit:value>
	</spirit:parameter>
	<spirit:parameter>
		<spirit:name>C_BASEADDR</spirit:name>
		<spirit:value>0x40400000</spirit:value>
	</spirit:parameter>
	<spirit:parameter>
		<spirit:name>C_HIGHADDR</spirit:name>
		<spirit:value>0x4040ffff</spirit:value>
	</spirit:parameter>
</spirit:parameters>


================
MODULE: axi_dma INSTANCE: axi_dma_i2s
================
<spirit:parameters>
	<spirit:parameter>
		<spirit:name>INSTANCE</spirit:name>
		<spirit:value>axi_dma_i2s</spirit:value>
	</spirit:parameter>
	<spirit:parameter>
		<spirit:name>HW_VER</spirit:name>
		<spirit:value>5.00.a</spirit:value>
	</spirit:parameter>
	<spirit:parameter>
		<spirit:name>C_INCLUDE_S2MM</spirit:name>
		<spirit:value>1</spirit:value>
	</spirit:parameter>
	<spirit:parameter>
		<spirit:name>C_INCLUDE_SG</spirit:name>
		<spirit:value>1</spirit:value>
	</spirit:parameter>
	<spirit:parameter>
		<spirit:name>C_SG_INCLUDE_STSCNTRL_STRM</spirit:name>
		<spirit:value>0</spirit:value>
	</spirit:parameter>
	<spirit:parameter>
		<spirit:name>C_SG_LENGTH_WIDTH</spirit:name>
		<spirit:value>20</spirit:value>
	</spirit:parameter>
	<spirit:parameter>
		<spirit:name>C_SG_USE_STSAPP_LENGTH</spirit:name>
		<spirit:value>0</spirit:value>
	</spirit:parameter>
	<spirit:parameter>
		<spirit:name>C_BASEADDR</spirit:name>
		<spirit:value>0x40420000</spirit:value>
	</spirit:parameter>
	<spirit:parameter>
		<spirit:name>C_HIGHADDR</spirit:name>
		<spirit:value>0x4042ffff</spirit:value>
	</spirit:parameter>
</spirit:parameters>


================
MODULE: axi_clkgen INSTANCE: axi_clkgen_0
================
<spirit:parameters>
	<spirit:parameter>
		<spirit:name>INSTANCE</spirit:name>
		<spirit:value>axi_clkgen_0</spirit:value>
	</spirit:parameter>
	<spirit:parameter>
		<spirit:name>HW_VER</spirit:name>
		<spirit:value>1.00.a</spirit:value>
	</spirit:parameter>
	<spirit:parameter>
		<spirit:name>C_BASEADDR</spirit:name>
		<spirit:value>0x79000000</spirit:value>
	</spirit:parameter>
	<spirit:parameter>
		<spirit:name>C_HIGHADDR</spirit:name>
		<spirit:value>0x7900ffff</spirit:value>
	</spirit:parameter>
</spirit:parameters>

