	<spirit:adHocConnections>
		<spirit:adHocConnection>
			<spirit:name>util_i2c_mixer_0_downstream_sda</spirit:name>
 			<spirit:displayName></spirit:displayName>
			<spirit:description></spirit:description>
			<spirit:externalPortReference spirit:portRef="util_i2c_mixer_0_downstream_sda_pin" spirit:left="0" spirit:right="0"/>
			<spirit:internalPortReference spirit:componentRef="util_i2c_mixer_0" spirit:portRef="downstream_sda" spirit:left="0" spirit:right="0"/>
		</spirit:adHocConnection>
		<spirit:adHocConnection>
			<spirit:name>net_cam_mem_0_OV7670_HREF</spirit:name>
 			<spirit:displayName></spirit:displayName>
			<spirit:description></spirit:description>
			<spirit:externalPortReference spirit:portRef="cam_mem_0_OV7670_HREF" spirit:left="0" spirit:right="0"/>
			<spirit:internalPortReference spirit:componentRef="cam_mem_0" spirit:portRef="OV7670_HREF" spirit:left="0" spirit:right="0"/>
		</spirit:adHocConnection>
		<spirit:adHocConnection>
			<spirit:name>axi_dma_i2s_mm2s_introut</spirit:name>
 			<spirit:displayName></spirit:displayName>
			<spirit:description></spirit:description>
			<spirit:internalPortReference spirit:componentRef="processing_system7_0" spirit:portRef="IRQ_F2P" spirit:left="0" spirit:right="0"/>
			<spirit:internalPortReference spirit:componentRef="axi_dma_i2s" spirit:portRef="mm2s_introut" spirit:left="0" spirit:right="0"/>
		</spirit:adHocConnection>
		<spirit:adHocConnection>
			<spirit:name>axi_iic_0_Sda_O</spirit:name>
 			<spirit:displayName></spirit:displayName>
			<spirit:description></spirit:description>
			<spirit:internalPortReference spirit:componentRef="util_i2c_mixer_0" spirit:portRef="upstream_sda_I" spirit:left="0" spirit:right="0"/>
			<spirit:internalPortReference spirit:componentRef="axi_iic_0" spirit:portRef="Sda_O" spirit:left="0" spirit:right="0"/>
		</spirit:adHocConnection>
		<spirit:adHocConnection>
			<spirit:name>processing_system7_0_DDR_CKE</spirit:name>
 			<spirit:displayName></spirit:displayName>
			<spirit:description></spirit:description>
			<spirit:externalPortReference spirit:portRef="processing_system7_0_DDR_CKE" spirit:left="0" spirit:right="0"/>
			<spirit:internalPortReference spirit:componentRef="processing_system7_0" spirit:portRef="DDR_CKE" spirit:left="0" spirit:right="0"/>
		</spirit:adHocConnection>
		<spirit:adHocConnection>
			<spirit:name>util_i2c_mixer_0_downstream_scl</spirit:name>
 			<spirit:displayName></spirit:displayName>
			<spirit:description></spirit:description>
			<spirit:externalPortReference spirit:portRef="util_i2c_mixer_0_downstream_scl_pin" spirit:left="0" spirit:right="0"/>
			<spirit:internalPortReference spirit:componentRef="util_i2c_mixer_0" spirit:portRef="downstream_scl" spirit:left="0" spirit:right="0"/>
		</spirit:adHocConnection>
		<spirit:adHocConnection>
			<spirit:name>util_i2c_mixer_0_upstream_sda_O</spirit:name>
 			<spirit:displayName></spirit:displayName>
			<spirit:description></spirit:description>
			<spirit:internalPortReference spirit:componentRef="util_i2c_mixer_0" spirit:portRef="upstream_sda_O" spirit:left="0" spirit:right="0"/>
			<spirit:internalPortReference spirit:componentRef="axi_iic_0" spirit:portRef="Sda_I" spirit:left="0" spirit:right="0"/>
		</spirit:adHocConnection>
		<spirit:adHocConnection>
			<spirit:name>cam_mem_0_config_finished</spirit:name>
 			<spirit:displayName></spirit:displayName>
			<spirit:description></spirit:description>
			<spirit:externalPortReference spirit:portRef="cam_mem_0_config_finished" spirit:left="0" spirit:right="0"/>
			<spirit:internalPortReference spirit:componentRef="cam_mem_0" spirit:portRef="config_finished" spirit:left="0" spirit:right="0"/>
		</spirit:adHocConnection>
		<spirit:adHocConnection>
			<spirit:name>net_cam_mem_0_OV7670_VSYNC</spirit:name>
 			<spirit:displayName></spirit:displayName>
			<spirit:description></spirit:description>
			<spirit:externalPortReference spirit:portRef="cam_mem_0_OV7670_VSYNC" spirit:left="0" spirit:right="0"/>
			<spirit:internalPortReference spirit:componentRef="cam_mem_0" spirit:portRef="OV7670_VSYNC" spirit:left="0" spirit:right="0"/>
		</spirit:adHocConnection>
		<spirit:adHocConnection>
			<spirit:name>cam_mem_0_OV7670_PWDN</spirit:name>
 			<spirit:displayName></spirit:displayName>
			<spirit:description></spirit:description>
			<spirit:externalPortReference spirit:portRef="cam_mem_0_OV7670_PWDN" spirit:left="0" spirit:right="0"/>
			<spirit:internalPortReference spirit:componentRef="cam_mem_0" spirit:portRef="OV7670_PWDN" spirit:left="0" spirit:right="0"/>
		</spirit:adHocConnection>
		<spirit:adHocConnection>
			<spirit:name>axi_iic_0_Sda_T</spirit:name>
 			<spirit:displayName></spirit:displayName>
			<spirit:description></spirit:description>
			<spirit:internalPortReference spirit:componentRef="util_i2c_mixer_0" spirit:portRef="upstream_sda_T" spirit:left="0" spirit:right="0"/>
			<spirit:internalPortReference spirit:componentRef="axi_iic_0" spirit:portRef="Sda_T" spirit:left="0" spirit:right="0"/>
		</spirit:adHocConnection>
		<spirit:adHocConnection>
			<spirit:name>axi_i2s_adi_0_SDATA_I</spirit:name>
 			<spirit:displayName></spirit:displayName>
			<spirit:description></spirit:description>
			<spirit:externalPortReference spirit:portRef="axi_i2s_adi_0_SDATA_I_pin" spirit:left="0" spirit:right="0"/>
			<spirit:internalPortReference spirit:componentRef="axi_i2s_adi_0" spirit:portRef="SDATA_I" spirit:left="0" spirit:right="0"/>
		</spirit:adHocConnection>
		<spirit:adHocConnection>
			<spirit:name>processing_system7_0_FCLK_RESET3_N</spirit:name>
 			<spirit:displayName></spirit:displayName>
			<spirit:description></spirit:description>
			<spirit:internalPortReference spirit:componentRef="processing_system7_0" spirit:portRef="FCLK_RESET3_N" spirit:left="0" spirit:right="0"/>
		</spirit:adHocConnection>
		<spirit:adHocConnection>
			<spirit:name>cam_mem_0_href_negedge</spirit:name>
 			<spirit:displayName></spirit:displayName>
			<spirit:description></spirit:description>
			<spirit:internalPortReference spirit:componentRef="processing_system7_0" spirit:portRef="IRQ_F2P" spirit:left="0" spirit:right="0"/>
			<spirit:internalPortReference spirit:componentRef="cam_mem_0" spirit:portRef="href_negedge" spirit:left="0" spirit:right="0"/>
		</spirit:adHocConnection>
		<spirit:adHocConnection>
			<spirit:name>axi_spdif_tx_0_spdif_tx_int_o</spirit:name>
 			<spirit:displayName></spirit:displayName>
			<spirit:description></spirit:description>
			<spirit:internalPortReference spirit:componentRef="axi_spdif_tx_0" spirit:portRef="spdif_tx_int_o" spirit:left="0" spirit:right="0"/>
		</spirit:adHocConnection>
		<spirit:adHocConnection>
			<spirit:name>processing_system7_0_DDR_RAS_n</spirit:name>
 			<spirit:displayName></spirit:displayName>
			<spirit:description></spirit:description>
			<spirit:externalPortReference spirit:portRef="processing_system7_0_DDR_RAS_n" spirit:left="0" spirit:right="0"/>
			<spirit:internalPortReference spirit:componentRef="processing_system7_0" spirit:portRef="DDR_RAS_n" spirit:left="0" spirit:right="0"/>
		</spirit:adHocConnection>
		<spirit:adHocConnection>
			<spirit:name>processing_system7_0_DDR_DQS_n</spirit:name>
 			<spirit:displayName></spirit:displayName>
			<spirit:description></spirit:description>
			<spirit:externalPortReference spirit:portRef="processing_system7_0_DDR_DQS_n" spirit:left="0" spirit:right="0"/>
			<spirit:internalPortReference spirit:componentRef="processing_system7_0" spirit:portRef="DDR_DQS_n" spirit:left="0" spirit:right="0"/>
		</spirit:adHocConnection>
		<spirit:adHocConnection>
			<spirit:name>processing_system7_0_DDR_VRN</spirit:name>
 			<spirit:displayName></spirit:displayName>
			<spirit:description></spirit:description>
			<spirit:externalPortReference spirit:portRef="processing_system7_0_DDR_VRN" spirit:left="0" spirit:right="0"/>
			<spirit:internalPortReference spirit:componentRef="processing_system7_0" spirit:portRef="DDR_VRN" spirit:left="0" spirit:right="0"/>
		</spirit:adHocConnection>
		<spirit:adHocConnection>
			<spirit:name>axi_i2s_adi_0_SDATA_O</spirit:name>
 			<spirit:displayName></spirit:displayName>
			<spirit:description></spirit:description>
			<spirit:externalPortReference spirit:portRef="axi_i2s_adi_0_SDATA_O_pin" spirit:left="0" spirit:right="0"/>
			<spirit:internalPortReference spirit:componentRef="axi_i2s_adi_0" spirit:portRef="SDATA_O" spirit:left="0" spirit:right="0"/>
		</spirit:adHocConnection>
		<spirit:adHocConnection>
			<spirit:name>net_cam_mem_0_OV7670_PCLK</spirit:name>
 			<spirit:displayName></spirit:displayName>
			<spirit:description></spirit:description>
			<spirit:externalPortReference spirit:portRef="cam_mem_0_OV7670_PCLK" spirit:left="0" spirit:right="0"/>
			<spirit:internalPortReference spirit:componentRef="cam_mem_0" spirit:portRef="OV7670_PCLK" spirit:left="0" spirit:right="0"/>
		</spirit:adHocConnection>
		<spirit:adHocConnection>
			<spirit:name>net_gnd</spirit:name>
 			<spirit:displayName></spirit:displayName>
			<spirit:description></spirit:description>
			<spirit:internalPortReference spirit:componentRef="clock_generator_0" spirit:portRef="RST" spirit:left="0" spirit:right="0"/>
		</spirit:adHocConnection>
		<spirit:adHocConnection>
			<spirit:name>net_cam_mem_0_OV7670_D</spirit:name>
 			<spirit:displayName></spirit:displayName>
			<spirit:description></spirit:description>
			<spirit:externalPortReference spirit:portRef="cam_mem_0_OV7670_D" spirit:left="0" spirit:right="0"/>
			<spirit:internalPortReference spirit:componentRef="cam_mem_0" spirit:portRef="OV7670_D" spirit:left="0" spirit:right="0"/>
		</spirit:adHocConnection>
		<spirit:adHocConnection>
			<spirit:name>processing_system7_0_DDR_VRP</spirit:name>
 			<spirit:displayName></spirit:displayName>
			<spirit:description></spirit:description>
			<spirit:externalPortReference spirit:portRef="processing_system7_0_DDR_VRP" spirit:left="0" spirit:right="0"/>
			<spirit:internalPortReference spirit:componentRef="processing_system7_0" spirit:portRef="DDR_VRP" spirit:left="0" spirit:right="0"/>
		</spirit:adHocConnection>
		<spirit:adHocConnection>
			<spirit:name>processing_system7_0_DDR_Clk</spirit:name>
 			<spirit:displayName></spirit:displayName>
			<spirit:description></spirit:description>
			<spirit:externalPortReference spirit:portRef="processing_system7_0_DDR_Clk" spirit:left="0" spirit:right="0"/>
			<spirit:internalPortReference spirit:componentRef="processing_system7_0" spirit:portRef="DDR_Clk" spirit:left="0" spirit:right="0"/>
		</spirit:adHocConnection>
		<spirit:adHocConnection>
			<spirit:name>axi_vdma_0_mm2s_introut</spirit:name>
 			<spirit:displayName></spirit:displayName>
			<spirit:description></spirit:description>
			<spirit:internalPortReference spirit:componentRef="processing_system7_0" spirit:portRef="IRQ_F2P" spirit:left="0" spirit:right="0"/>
			<spirit:internalPortReference spirit:componentRef="axi_vdma_0" spirit:portRef="mm2s_introut" spirit:left="0" spirit:right="0"/>
		</spirit:adHocConnection>
		<spirit:adHocConnection>
			<spirit:name>processing_system7_0_DDR_Addr</spirit:name>
 			<spirit:displayName></spirit:displayName>
			<spirit:description></spirit:description>
			<spirit:externalPortReference spirit:portRef="processing_system7_0_DDR_Addr" spirit:left="0" spirit:right="0"/>
			<spirit:internalPortReference spirit:componentRef="processing_system7_0" spirit:portRef="DDR_Addr" spirit:left="0" spirit:right="0"/>
		</spirit:adHocConnection>
		<spirit:adHocConnection>
			<spirit:name>axi_hdmi_tx_16b_0_debug_data</spirit:name>
 			<spirit:displayName></spirit:displayName>
			<spirit:description></spirit:description>
			<spirit:internalPortReference spirit:componentRef="axi_hdmi_tx_16b_0" spirit:portRef="debug_data" spirit:left="0" spirit:right="0"/>
		</spirit:adHocConnection>
		<spirit:adHocConnection>
			<spirit:name>processing_system7_0_FCLK_RESET0_N</spirit:name>
 			<spirit:displayName></spirit:displayName>
			<spirit:description></spirit:description>
			<spirit:internalPortReference spirit:componentRef="processing_system7_0" spirit:portRef="FCLK_RESET0_N" spirit:left="0" spirit:right="0"/>
			<spirit:internalPortReference spirit:componentRef="axi_interconnect_1" spirit:portRef="INTERCONNECT_ARESETN" spirit:left="0" spirit:right="0"/>
			<spirit:internalPortReference spirit:componentRef="axi_interconnect_0" spirit:portRef="INTERCONNECT_ARESETN" spirit:left="0" spirit:right="0"/>
		</spirit:adHocConnection>
		<spirit:adHocConnection>
			<spirit:name>util_vector_logic_0_Res</spirit:name>
 			<spirit:displayName></spirit:displayName>
			<spirit:description></spirit:description>
			<spirit:internalPortReference spirit:componentRef="util_vector_logic_0" spirit:portRef="Res" spirit:left="0" spirit:right="0"/>
			<spirit:internalPortReference spirit:componentRef="processing_system7_0" spirit:portRef="USB0_VBUS_PWRFAULT" spirit:left="0" spirit:right="0"/>
		</spirit:adHocConnection>
		<spirit:adHocConnection>
			<spirit:name>processing_system7_0_DDR_DRSTB</spirit:name>
 			<spirit:displayName></spirit:displayName>
			<spirit:description></spirit:description>
			<spirit:externalPortReference spirit:portRef="processing_system7_0_DDR_DRSTB" spirit:left="0" spirit:right="0"/>
			<spirit:internalPortReference spirit:componentRef="processing_system7_0" spirit:portRef="DDR_DRSTB" spirit:left="0" spirit:right="0"/>
		</spirit:adHocConnection>
		<spirit:adHocConnection>
			<spirit:name>processing_system7_0_DDR_DQS</spirit:name>
 			<spirit:displayName></spirit:displayName>
			<spirit:description></spirit:description>
			<spirit:externalPortReference spirit:portRef="processing_system7_0_DDR_DQS" spirit:left="0" spirit:right="0"/>
			<spirit:internalPortReference spirit:componentRef="processing_system7_0" spirit:portRef="DDR_DQS" spirit:left="0" spirit:right="0"/>
		</spirit:adHocConnection>
		<spirit:adHocConnection>
			<spirit:name>axi_i2s_adi_0_LRCLK_O</spirit:name>
 			<spirit:displayName></spirit:displayName>
			<spirit:description></spirit:description>
			<spirit:externalPortReference spirit:portRef="axi_i2s_adi_0_LRCLK_O_pin" spirit:left="0" spirit:right="0"/>
			<spirit:internalPortReference spirit:componentRef="axi_i2s_adi_0" spirit:portRef="LRCLK_O" spirit:left="0" spirit:right="0"/>
		</spirit:adHocConnection>
		<spirit:adHocConnection>
			<spirit:name>axi_hdmi_tx_16b_0_hdmi_hsync</spirit:name>
 			<spirit:displayName></spirit:displayName>
			<spirit:description></spirit:description>
			<spirit:externalPortReference spirit:portRef="hdmi_hsync" spirit:left="0" spirit:right="0"/>
			<spirit:internalPortReference spirit:componentRef="axi_hdmi_tx_16b_0" spirit:portRef="hdmi_hsync" spirit:left="0" spirit:right="0"/>
		</spirit:adHocConnection>
		<spirit:adHocConnection>
			<spirit:name>processing_system7_0_DDR_CAS_n</spirit:name>
 			<spirit:displayName></spirit:displayName>
			<spirit:description></spirit:description>
			<spirit:externalPortReference spirit:portRef="processing_system7_0_DDR_CAS_n" spirit:left="0" spirit:right="0"/>
			<spirit:internalPortReference spirit:componentRef="processing_system7_0" spirit:portRef="DDR_CAS_n" spirit:left="0" spirit:right="0"/>
		</spirit:adHocConnection>
		<spirit:adHocConnection>
			<spirit:name>axi_hdmi_tx_16b_0_hdmi_data_e</spirit:name>
 			<spirit:displayName></spirit:displayName>
			<spirit:description></spirit:description>
			<spirit:externalPortReference spirit:portRef="hdmi_data_e" spirit:left="0" spirit:right="0"/>
			<spirit:internalPortReference spirit:componentRef="axi_hdmi_tx_16b_0" spirit:portRef="hdmi_data_e" spirit:left="0" spirit:right="0"/>
		</spirit:adHocConnection>
		<spirit:adHocConnection>
			<spirit:name>axi_vdma_0_mm2s_buffer_almost_empty</spirit:name>
 			<spirit:displayName></spirit:displayName>
			<spirit:description></spirit:description>
			<spirit:internalPortReference spirit:componentRef="axi_vdma_0" spirit:portRef="mm2s_buffer_almost_empty" spirit:left="0" spirit:right="0"/>
			<spirit:internalPortReference spirit:componentRef="axi_hdmi_tx_16b_0" spirit:portRef="vdma_almost_empty" spirit:left="0" spirit:right="0"/>
		</spirit:adHocConnection>
		<spirit:adHocConnection>
			<spirit:name>hdmi_int</spirit:name>
 			<spirit:displayName></spirit:displayName>
			<spirit:description></spirit:description>
			<spirit:externalPortReference spirit:portRef="hdmi_int" spirit:left="0" spirit:right="0"/>
			<spirit:internalPortReference spirit:componentRef="processing_system7_0" spirit:portRef="IRQ_F2P" spirit:left="0" spirit:right="0"/>
		</spirit:adHocConnection>
		<spirit:adHocConnection>
			<spirit:name>axi_vdma_0_mm2s_buffer_empty</spirit:name>
 			<spirit:displayName></spirit:displayName>
			<spirit:description></spirit:description>
			<spirit:internalPortReference spirit:componentRef="axi_vdma_0" spirit:portRef="mm2s_buffer_empty" spirit:left="0" spirit:right="0"/>
			<spirit:internalPortReference spirit:componentRef="axi_hdmi_tx_16b_0" spirit:portRef="vdma_empty" spirit:left="0" spirit:right="0"/>
		</spirit:adHocConnection>
		<spirit:adHocConnection>
			<spirit:name>processing_system7_0_DDR_WEB</spirit:name>
 			<spirit:displayName></spirit:displayName>
			<spirit:description></spirit:description>
			<spirit:externalPortReference spirit:portRef="processing_system7_0_DDR_WEB_pin" spirit:left="0" spirit:right="0"/>
			<spirit:internalPortReference spirit:componentRef="processing_system7_0" spirit:portRef="DDR_WEB" spirit:left="0" spirit:right="0"/>
		</spirit:adHocConnection>
		<spirit:adHocConnection>
			<spirit:name>processing_system7_0_DDR_BankAddr</spirit:name>
 			<spirit:displayName></spirit:displayName>
			<spirit:description></spirit:description>
			<spirit:externalPortReference spirit:portRef="processing_system7_0_DDR_BankAddr" spirit:left="0" spirit:right="0"/>
			<spirit:internalPortReference spirit:componentRef="processing_system7_0" spirit:portRef="DDR_BankAddr" spirit:left="0" spirit:right="0"/>
		</spirit:adHocConnection>
		<spirit:adHocConnection>
			<spirit:name>processing_system7_0_DDR_ODT</spirit:name>
 			<spirit:displayName></spirit:displayName>
			<spirit:description></spirit:description>
			<spirit:externalPortReference spirit:portRef="processing_system7_0_DDR_ODT" spirit:left="0" spirit:right="0"/>
			<spirit:internalPortReference spirit:componentRef="processing_system7_0" spirit:portRef="DDR_ODT" spirit:left="0" spirit:right="0"/>
		</spirit:adHocConnection>
		<spirit:adHocConnection>
			<spirit:name>axi_vdma_0_s2mm_fsync_out</spirit:name>
 			<spirit:displayName></spirit:displayName>
			<spirit:description></spirit:description>
			<spirit:internalPortReference spirit:componentRef="axi_vdma_0" spirit:portRef="s2mm_fsync_out" spirit:left="0" spirit:right="0"/>
		</spirit:adHocConnection>
		<spirit:adHocConnection>
			<spirit:name>net_cam_mem_0_btn</spirit:name>
 			<spirit:displayName></spirit:displayName>
			<spirit:description></spirit:description>
			<spirit:externalPortReference spirit:portRef="cam_mem_0_btn" spirit:left="0" spirit:right="0"/>
			<spirit:internalPortReference spirit:componentRef="cam_mem_0" spirit:portRef="btn" spirit:left="0" spirit:right="0"/>
		</spirit:adHocConnection>
		<spirit:adHocConnection>
			<spirit:name>processing_system7_0_DDR_DM</spirit:name>
 			<spirit:displayName></spirit:displayName>
			<spirit:description></spirit:description>
			<spirit:externalPortReference spirit:portRef="processing_system7_0_DDR_DM" spirit:left="0" spirit:right="0"/>
			<spirit:internalPortReference spirit:componentRef="processing_system7_0" spirit:portRef="DDR_DM" spirit:left="0" spirit:right="0"/>
		</spirit:adHocConnection>
		<spirit:adHocConnection>
			<spirit:name>processing_system7_0_MIO</spirit:name>
 			<spirit:displayName></spirit:displayName>
			<spirit:description></spirit:description>
			<spirit:externalPortReference spirit:portRef="processing_system7_0_MIO" spirit:left="0" spirit:right="0"/>
			<spirit:internalPortReference spirit:componentRef="processing_system7_0" spirit:portRef="MIO" spirit:left="0" spirit:right="0"/>
		</spirit:adHocConnection>
		<spirit:adHocConnection>
			<spirit:name>axi_hdmi_tx_16b_0_vdma_fs</spirit:name>
 			<spirit:displayName></spirit:displayName>
			<spirit:description></spirit:description>
			<spirit:internalPortReference spirit:componentRef="axi_vdma_0" spirit:portRef="mm2s_fsync" spirit:left="0" spirit:right="0"/>
			<spirit:internalPortReference spirit:componentRef="axi_hdmi_tx_16b_0" spirit:portRef="vdma_fs" spirit:left="0" spirit:right="0"/>
		</spirit:adHocConnection>
		<spirit:adHocConnection>
			<spirit:name>axi_iic_0_Scl_O</spirit:name>
 			<spirit:displayName></spirit:displayName>
			<spirit:description></spirit:description>
			<spirit:internalPortReference spirit:componentRef="util_i2c_mixer_0" spirit:portRef="upstream_scl_I" spirit:left="0" spirit:right="0"/>
			<spirit:internalPortReference spirit:componentRef="axi_iic_0" spirit:portRef="Scl_O" spirit:left="0" spirit:right="0"/>
		</spirit:adHocConnection>
		<spirit:adHocConnection>
			<spirit:name>processing_system7_0_DDR_DQ</spirit:name>
 			<spirit:displayName></spirit:displayName>
			<spirit:description></spirit:description>
			<spirit:externalPortReference spirit:portRef="processing_system7_0_DDR_DQ" spirit:left="0" spirit:right="0"/>
			<spirit:internalPortReference spirit:componentRef="processing_system7_0" spirit:portRef="DDR_DQ" spirit:left="0" spirit:right="0"/>
		</spirit:adHocConnection>
		<spirit:adHocConnection>
			<spirit:name>util_i2c_mixer_0_upstream_scl_O</spirit:name>
 			<spirit:displayName></spirit:displayName>
			<spirit:description></spirit:description>
			<spirit:internalPortReference spirit:componentRef="util_i2c_mixer_0" spirit:portRef="upstream_scl_O" spirit:left="0" spirit:right="0"/>
			<spirit:internalPortReference spirit:componentRef="axi_iic_0" spirit:portRef="Scl_I" spirit:left="0" spirit:right="0"/>
		</spirit:adHocConnection>
		<spirit:adHocConnection>
			<spirit:name>processing_system7_0_FCLK_RESET1_N</spirit:name>
 			<spirit:displayName></spirit:displayName>
			<spirit:description></spirit:description>
			<spirit:internalPortReference spirit:componentRef="processing_system7_0" spirit:portRef="FCLK_RESET1_N" spirit:left="0" spirit:right="0"/>
			<spirit:internalPortReference spirit:componentRef="axi_interconnect_2" spirit:portRef="INTERCONNECT_ARESETN" spirit:left="0" spirit:right="0"/>
		</spirit:adHocConnection>
		<spirit:adHocConnection>
			<spirit:name>processing_system7_0_DDR_Clk_n</spirit:name>
 			<spirit:displayName></spirit:displayName>
			<spirit:description></spirit:description>
			<spirit:externalPortReference spirit:portRef="processing_system7_0_DDR_Clk_n" spirit:left="0" spirit:right="0"/>
			<spirit:internalPortReference spirit:componentRef="processing_system7_0" spirit:portRef="DDR_Clk_n" spirit:left="0" spirit:right="0"/>
		</spirit:adHocConnection>
		<spirit:adHocConnection>
			<spirit:name>axi_vdma_0_mm2s_fsync_out</spirit:name>
 			<spirit:displayName></spirit:displayName>
			<spirit:description></spirit:description>
			<spirit:internalPortReference spirit:componentRef="axi_vdma_0" spirit:portRef="mm2s_fsync_out" spirit:left="0" spirit:right="0"/>
			<spirit:internalPortReference spirit:componentRef="axi_hdmi_tx_16b_0" spirit:portRef="vdma_fs_ret" spirit:left="0" spirit:right="0"/>
		</spirit:adHocConnection>
		<spirit:adHocConnection>
			<spirit:name>axi_hdmi_tx_16b_0_hdmi_clk</spirit:name>
 			<spirit:displayName></spirit:displayName>
			<spirit:description></spirit:description>
			<spirit:externalPortReference spirit:portRef="hdmi_clk" spirit:left="0" spirit:right="0"/>
			<spirit:internalPortReference spirit:componentRef="axi_hdmi_tx_16b_0" spirit:portRef="hdmi_clk" spirit:left="0" spirit:right="0"/>
		</spirit:adHocConnection>
		<spirit:adHocConnection>
			<spirit:name>axi_hdmi_tx_16b_0_hdmi_vsync</spirit:name>
 			<spirit:displayName></spirit:displayName>
			<spirit:description></spirit:description>
			<spirit:externalPortReference spirit:portRef="hdmi_vsync" spirit:left="0" spirit:right="0"/>
			<spirit:internalPortReference spirit:componentRef="axi_hdmi_tx_16b_0" spirit:portRef="hdmi_vsync" spirit:left="0" spirit:right="0"/>
		</spirit:adHocConnection>
		<spirit:adHocConnection>
			<spirit:name>axi_iic_0_Scl_T</spirit:name>
 			<spirit:displayName></spirit:displayName>
			<spirit:description></spirit:description>
			<spirit:internalPortReference spirit:componentRef="util_i2c_mixer_0" spirit:portRef="upstream_scl_T" spirit:left="0" spirit:right="0"/>
			<spirit:internalPortReference spirit:componentRef="axi_iic_0" spirit:portRef="Scl_T" spirit:left="0" spirit:right="0"/>
		</spirit:adHocConnection>
		<spirit:adHocConnection>
			<spirit:name>net_otg_oc</spirit:name>
 			<spirit:displayName></spirit:displayName>
			<spirit:description></spirit:description>
			<spirit:externalPortReference spirit:portRef="otg_vbusoc" spirit:left="0" spirit:right="0"/>
			<spirit:internalPortReference spirit:componentRef="util_vector_logic_0" spirit:portRef="Op1" spirit:left="0" spirit:right="0"/>
		</spirit:adHocConnection>
		<spirit:adHocConnection>
			<spirit:name>processing_system7_0_PS_CLK</spirit:name>
 			<spirit:displayName></spirit:displayName>
			<spirit:description></spirit:description>
			<spirit:externalPortReference spirit:portRef="processing_system7_0_PS_CLK" spirit:left="0" spirit:right="0"/>
			<spirit:internalPortReference spirit:componentRef="processing_system7_0" spirit:portRef="PS_CLK" spirit:left="0" spirit:right="0"/>
		</spirit:adHocConnection>
		<spirit:adHocConnection>
			<spirit:name>net_vcc</spirit:name>
 			<spirit:displayName></spirit:displayName>
			<spirit:description></spirit:description>
			<spirit:externalPortReference spirit:portRef="otg_reset" spirit:left="0" spirit:right="0"/>
		</spirit:adHocConnection>
		<spirit:adHocConnection>
			<spirit:name>axi_i2s_adi_0_BCLK_O</spirit:name>
 			<spirit:displayName></spirit:displayName>
			<spirit:description></spirit:description>
			<spirit:externalPortReference spirit:portRef="axi_i2s_adi_0_BCLK_O_pin" spirit:left="0" spirit:right="0"/>
			<spirit:internalPortReference spirit:componentRef="axi_i2s_adi_0" spirit:portRef="BCLK_O" spirit:left="0" spirit:right="0"/>
		</spirit:adHocConnection>
		<spirit:adHocConnection>
			<spirit:name>processing_system7_0_PS_SRSTB</spirit:name>
 			<spirit:displayName></spirit:displayName>
			<spirit:description></spirit:description>
			<spirit:externalPortReference spirit:portRef="processing_system7_0_PS_SRSTB" spirit:left="0" spirit:right="0"/>
			<spirit:internalPortReference spirit:componentRef="processing_system7_0" spirit:portRef="PS_SRSTB" spirit:left="0" spirit:right="0"/>
		</spirit:adHocConnection>
		<spirit:adHocConnection>
			<spirit:name>processing_system7_0_FCLK_CLK0</spirit:name>
 			<spirit:displayName></spirit:displayName>
			<spirit:description></spirit:description>
			<spirit:internalPortReference spirit:componentRef="processing_system7_0" spirit:portRef="FCLK_CLK0" spirit:left="0" spirit:right="0"/>
			<spirit:internalPortReference spirit:componentRef="processing_system7_0" spirit:portRef="M_AXI_GP0_ACLK" spirit:left="0" spirit:right="0"/>
			<spirit:internalPortReference spirit:componentRef="processing_system7_0" spirit:portRef="S_AXI_HP1_ACLK" spirit:left="0" spirit:right="0"/>
			<spirit:internalPortReference spirit:componentRef="cam_mem_0" spirit:portRef="S_AXI_ACLK" spirit:left="0" spirit:right="0"/>
			<spirit:internalPortReference spirit:componentRef="axi_vdma_0" spirit:portRef="s_axi_lite_aclk" spirit:left="0" spirit:right="0"/>
			<spirit:internalPortReference spirit:componentRef="axi_spdif_tx_0" spirit:portRef="S_AXI_ACLK" spirit:left="0" spirit:right="0"/>
			<spirit:internalPortReference spirit:componentRef="axi_spdif_tx_0" spirit:portRef="ACLK" spirit:left="0" spirit:right="0"/>
			<spirit:internalPortReference spirit:componentRef="axi_interconnect_1" spirit:portRef="INTERCONNECT_ACLK" spirit:left="0" spirit:right="0"/>
			<spirit:internalPortReference spirit:componentRef="axi_interconnect_0" spirit:portRef="INTERCONNECT_ACLK" spirit:left="0" spirit:right="0"/>
			<spirit:internalPortReference spirit:componentRef="axi_iic_0" spirit:portRef="S_AXI_ACLK" spirit:left="0" spirit:right="0"/>
			<spirit:internalPortReference spirit:componentRef="axi_i2s_adi_0" spirit:portRef="ACLK" spirit:left="0" spirit:right="0"/>
			<spirit:internalPortReference spirit:componentRef="axi_i2s_adi_0" spirit:portRef="S_AXI_ACLK" spirit:left="0" spirit:right="0"/>
			<spirit:internalPortReference spirit:componentRef="axi_i2s_adi_0" spirit:portRef="M_AXIS_ACLK" spirit:left="0" spirit:right="0"/>
			<spirit:internalPortReference spirit:componentRef="axi_hdmi_tx_16b_0" spirit:portRef="S_AXI_ACLK" spirit:left="0" spirit:right="0"/>
			<spirit:internalPortReference spirit:componentRef="axi_dma_spdif" spirit:portRef="s_axi_lite_aclk" spirit:left="0" spirit:right="0"/>
			<spirit:internalPortReference spirit:componentRef="axi_dma_spdif" spirit:portRef="m_axi_mm2s_aclk" spirit:left="0" spirit:right="0"/>
			<spirit:internalPortReference spirit:componentRef="axi_dma_spdif" spirit:portRef="m_axi_sg_aclk" spirit:left="0" spirit:right="0"/>
			<spirit:internalPortReference spirit:componentRef="axi_dma_i2s" spirit:portRef="s_axi_lite_aclk" spirit:left="0" spirit:right="0"/>
			<spirit:internalPortReference spirit:componentRef="axi_dma_i2s" spirit:portRef="m_axi_mm2s_aclk" spirit:left="0" spirit:right="0"/>
			<spirit:internalPortReference spirit:componentRef="axi_dma_i2s" spirit:portRef="m_axi_sg_aclk" spirit:left="0" spirit:right="0"/>
			<spirit:internalPortReference spirit:componentRef="axi_dma_i2s" spirit:portRef="m_axi_s2mm_aclk" spirit:left="0" spirit:right="0"/>
			<spirit:internalPortReference spirit:componentRef="axi_clkgen_0" spirit:portRef="S_AXI_ACLK" spirit:left="0" spirit:right="0"/>
		</spirit:adHocConnection>
		<spirit:adHocConnection>
			<spirit:name>axi_hdmi_tx_16b_0_hdmi_data</spirit:name>
 			<spirit:displayName></spirit:displayName>
			<spirit:description></spirit:description>
			<spirit:externalPortReference spirit:portRef="hdmi_data" spirit:left="0" spirit:right="0"/>
			<spirit:internalPortReference spirit:componentRef="axi_hdmi_tx_16b_0" spirit:portRef="hdmi_data" spirit:left="0" spirit:right="0"/>
		</spirit:adHocConnection>
		<spirit:adHocConnection>
			<spirit:name>net_util_vector_logic_0_Op1_pin</spirit:name>
 			<spirit:displayName></spirit:displayName>
			<spirit:description></spirit:description>
			<spirit:externalPortReference spirit:portRef="util_vector_logic_0_Op1_pin" spirit:left="0" spirit:right="0"/>
		</spirit:adHocConnection>
		<spirit:adHocConnection>
			<spirit:name>processing_system7_0_FCLK_CLK1</spirit:name>
 			<spirit:displayName></spirit:displayName>
			<spirit:description></spirit:description>
			<spirit:internalPortReference spirit:componentRef="processing_system7_0" spirit:portRef="FCLK_CLK1" spirit:left="0" spirit:right="0"/>
			<spirit:internalPortReference spirit:componentRef="processing_system7_0" spirit:portRef="S_AXI_HP0_ACLK" spirit:left="0" spirit:right="0"/>
			<spirit:internalPortReference spirit:componentRef="axi_vdma_0" spirit:portRef="m_axis_mm2s_aclk" spirit:left="0" spirit:right="0"/>
			<spirit:internalPortReference spirit:componentRef="axi_vdma_0" spirit:portRef="m_axi_mm2s_aclk" spirit:left="0" spirit:right="0"/>
			<spirit:internalPortReference spirit:componentRef="axi_interconnect_2" spirit:portRef="INTERCONNECT_ACLK" spirit:left="0" spirit:right="0"/>
			<spirit:internalPortReference spirit:componentRef="axi_hdmi_tx_16b_0" spirit:portRef="vdma_clk" spirit:left="0" spirit:right="0"/>
		</spirit:adHocConnection>
		<spirit:adHocConnection>
			<spirit:name>processing_system7_0_FCLK_CLK2</spirit:name>
 			<spirit:displayName></spirit:displayName>
			<spirit:description></spirit:description>
			<spirit:internalPortReference spirit:componentRef="processing_system7_0" spirit:portRef="FCLK_CLK2" spirit:left="0" spirit:right="0"/>
			<spirit:internalPortReference spirit:componentRef="clock_generator_0" spirit:portRef="CLKIN" spirit:left="0" spirit:right="0"/>
			<spirit:internalPortReference spirit:componentRef="axi_clkgen_0" spirit:portRef="ref_clk" spirit:left="0" spirit:right="0"/>
		</spirit:adHocConnection>
		<spirit:adHocConnection>
			<spirit:name>processing_system7_0_FCLK_CLK3</spirit:name>
 			<spirit:displayName></spirit:displayName>
			<spirit:description></spirit:description>
			<spirit:internalPortReference spirit:componentRef="processing_system7_0" spirit:portRef="FCLK_CLK3" spirit:left="0" spirit:right="0"/>
		</spirit:adHocConnection>
		<spirit:adHocConnection>
			<spirit:name>axi_dma_spdif_mm2s_introut</spirit:name>
 			<spirit:displayName></spirit:displayName>
			<spirit:description></spirit:description>
			<spirit:internalPortReference spirit:componentRef="processing_system7_0" spirit:portRef="IRQ_F2P" spirit:left="0" spirit:right="0"/>
			<spirit:internalPortReference spirit:componentRef="axi_dma_spdif" spirit:portRef="mm2s_introut" spirit:left="0" spirit:right="0"/>
		</spirit:adHocConnection>
		<spirit:adHocConnection>
			<spirit:name>processing_system7_0_DDR_CS_n</spirit:name>
 			<spirit:displayName></spirit:displayName>
			<spirit:description></spirit:description>
			<spirit:externalPortReference spirit:portRef="processing_system7_0_DDR_CS_n" spirit:left="0" spirit:right="0"/>
			<spirit:internalPortReference spirit:componentRef="processing_system7_0" spirit:portRef="DDR_CS_n" spirit:left="0" spirit:right="0"/>
		</spirit:adHocConnection>
		<spirit:adHocConnection>
			<spirit:name>axi_hdmi_tx_16b_0_hdmi_ref_clk</spirit:name>
 			<spirit:displayName></spirit:displayName>
			<spirit:description></spirit:description>
			<spirit:internalPortReference spirit:componentRef="axi_hdmi_tx_16b_0" spirit:portRef="hdmi_ref_clk" spirit:left="0" spirit:right="0"/>
			<spirit:internalPortReference spirit:componentRef="axi_clkgen_0" spirit:portRef="clk" spirit:left="0" spirit:right="0"/>
		</spirit:adHocConnection>
		<spirit:adHocConnection>
			<spirit:name>processing_system7_0_PS_PORB</spirit:name>
 			<spirit:displayName></spirit:displayName>
			<spirit:description></spirit:description>
			<spirit:externalPortReference spirit:portRef="processing_system7_0_PS_PORB" spirit:left="0" spirit:right="0"/>
			<spirit:internalPortReference spirit:componentRef="processing_system7_0" spirit:portRef="PS_PORB" spirit:left="0" spirit:right="0"/>
		</spirit:adHocConnection>
		<spirit:adHocConnection>
			<spirit:name>axi_spdif_tx_0_spdif_tx_o</spirit:name>
 			<spirit:displayName></spirit:displayName>
			<spirit:description></spirit:description>
			<spirit:externalPortReference spirit:portRef="hdmi_spdif" spirit:left="0" spirit:right="0"/>
			<spirit:internalPortReference spirit:componentRef="axi_spdif_tx_0" spirit:portRef="spdif_tx_o" spirit:left="0" spirit:right="0"/>
		</spirit:adHocConnection>
		<spirit:adHocConnection>
			<spirit:name>cam_mem_0_OV7670_RESET</spirit:name>
 			<spirit:displayName></spirit:displayName>
			<spirit:description></spirit:description>
			<spirit:externalPortReference spirit:portRef="cam_mem_0_OV7670_RESET" spirit:left="0" spirit:right="0"/>
			<spirit:internalPortReference spirit:componentRef="cam_mem_0" spirit:portRef="OV7670_RESET" spirit:left="0" spirit:right="0"/>
		</spirit:adHocConnection>
		<spirit:adHocConnection>
			<spirit:name>axi_dma_i2s_s2mm_introut</spirit:name>
 			<spirit:displayName></spirit:displayName>
			<spirit:description></spirit:description>
			<spirit:internalPortReference spirit:componentRef="processing_system7_0" spirit:portRef="IRQ_F2P" spirit:left="0" spirit:right="0"/>
			<spirit:internalPortReference spirit:componentRef="axi_dma_i2s" spirit:portRef="s2mm_introut" spirit:left="0" spirit:right="0"/>
		</spirit:adHocConnection>
		<spirit:adHocConnection>
			<spirit:name>clock_generator_0_CLKOUT0</spirit:name>
 			<spirit:displayName></spirit:displayName>
			<spirit:description></spirit:description>
			<spirit:externalPortReference spirit:portRef="axi_i2s_adi_0_MCLK_pin" spirit:left="0" spirit:right="0"/>
			<spirit:internalPortReference spirit:componentRef="clock_generator_0" spirit:portRef="CLKOUT0" spirit:left="0" spirit:right="0"/>
			<spirit:internalPortReference spirit:componentRef="axi_spdif_tx_0" spirit:portRef="spdif_data_clk" spirit:left="0" spirit:right="0"/>
			<spirit:internalPortReference spirit:componentRef="axi_i2s_adi_0" spirit:portRef="DATA_CLK_I" spirit:left="0" spirit:right="0"/>
		</spirit:adHocConnection>
		<spirit:adHocConnection>
			<spirit:name>cam_mem_0_OV7670_SIOC</spirit:name>
 			<spirit:displayName></spirit:displayName>
			<spirit:description></spirit:description>
			<spirit:externalPortReference spirit:portRef="cam_mem_0_OV7670_SIOC" spirit:left="0" spirit:right="0"/>
			<spirit:internalPortReference spirit:componentRef="cam_mem_0" spirit:portRef="OV7670_SIOC" spirit:left="0" spirit:right="0"/>
		</spirit:adHocConnection>
		<spirit:adHocConnection>
			<spirit:name>cam_mem_0_OV7670_SIOD</spirit:name>
 			<spirit:displayName></spirit:displayName>
			<spirit:description></spirit:description>
			<spirit:externalPortReference spirit:portRef="cam_mem_0_OV7670_SIOD" spirit:left="0" spirit:right="0"/>
			<spirit:internalPortReference spirit:componentRef="cam_mem_0" spirit:portRef="OV7670_SIOD" spirit:left="0" spirit:right="0"/>
		</spirit:adHocConnection>
		<spirit:adHocConnection>
			<spirit:name>cam_mem_0_vsync_negedge</spirit:name>
 			<spirit:displayName></spirit:displayName>
			<spirit:description></spirit:description>
			<spirit:internalPortReference spirit:componentRef="processing_system7_0" spirit:portRef="IRQ_F2P" spirit:left="0" spirit:right="0"/>
			<spirit:internalPortReference spirit:componentRef="cam_mem_0" spirit:portRef="vsync_negedge" spirit:left="0" spirit:right="0"/>
		</spirit:adHocConnection>
		<spirit:adHocConnection>
			<spirit:name>net_cam_mem_0_clk100</spirit:name>
 			<spirit:displayName></spirit:displayName>
			<spirit:description></spirit:description>
			<spirit:externalPortReference spirit:portRef="cam_mem_0_clk100" spirit:left="0" spirit:right="0"/>
			<spirit:internalPortReference spirit:componentRef="cam_mem_0" spirit:portRef="clk100" spirit:left="0" spirit:right="0"/>
		</spirit:adHocConnection>
		<spirit:adHocConnection>
			<spirit:name>axi_iic_0_IIC2INTC_Irpt</spirit:name>
 			<spirit:displayName></spirit:displayName>
			<spirit:description></spirit:description>
			<spirit:internalPortReference spirit:componentRef="processing_system7_0" spirit:portRef="IRQ_F2P" spirit:left="0" spirit:right="0"/>
			<spirit:internalPortReference spirit:componentRef="axi_iic_0" spirit:portRef="IIC2INTC_Irpt" spirit:left="0" spirit:right="0"/>
		</spirit:adHocConnection>
		<spirit:adHocConnection>
			<spirit:name>cam_mem_0_OV7670_XCLK</spirit:name>
 			<spirit:displayName></spirit:displayName>
			<spirit:description></spirit:description>
			<spirit:externalPortReference spirit:portRef="cam_mem_0_OV7670_XCLK" spirit:left="0" spirit:right="0"/>
			<spirit:internalPortReference spirit:componentRef="cam_mem_0" spirit:portRef="OV7670_XCLK" spirit:left="0" spirit:right="0"/>
		</spirit:adHocConnection>
	</spirit:adHocConnections>
