<?xml version="1.0" encoding="UTF-8"?>
<!--Created by Kactus215:16:51 18.06.2014-->
<spirit:design xmlns:kactus2="http://funbase.cs.tut.fi/" xmlns:spirit="http://www.spiritconsortium.org/XMLSchema/SPIRIT/1.5" xmlns:xsi="http://www.w3.org/2001/XMLSchema-instance" xsi:schemaLocation="http://www.spiritconsortium.org/XMLSchema/SPIRIT/1.5 http://www.spiritconsortium.org/XMLSchema/SPIRIT/1.5/index.xsd">
	<spirit:vendor>ARM</spirit:vendor>
	<spirit:library>design</spirit:library>
	<spirit:name>rightpat2.design</spirit:name>
	<spirit:version>1.0</spirit:version>
	<spirit:componentInstances>
		<spirit:componentInstance>
			<spirit:instanceName>axi_vdma_1_0</spirit:instanceName>
			<spirit:displayName></spirit:displayName>
			<spirit:description></spirit:description>
			<spirit:componentRef spirit:vendor="ARM" spirit:library="ip" spirit:name="VDMA" spirit:version="1.0"/>
			<spirit:vendorExtensions>
				<kactus2:position x="650" y="520"/>
				<kactus2:portPositions>
					<kactus2:portPosition kactus2:busRef="M_AXIS_MM2S">
						<kactus2:position x="-80" y="40"/>
					</kactus2:portPosition>
					<kactus2:portPosition kactus2:busRef="M_AXI_MM2S">
						<kactus2:position x="80" y="40"/>
					</kactus2:portPosition>
					<kactus2:portPosition kactus2:busRef="M_AXI_S2MM">
						<kactus2:position x="-80" y="190"/>
					</kactus2:portPosition>
					<kactus2:portPosition kactus2:busRef="S_AXIS_S2MM">
						<kactus2:position x="80" y="70"/>
					</kactus2:portPosition>
					<kactus2:portPosition kactus2:busRef="S_AXI_LITE">
						<kactus2:position x="-80" y="100"/>
					</kactus2:portPosition>
				</kactus2:portPositions>
				<kactus2:propertyValues/>
				<kactus2:uuid>{de22927f-c09b-4889-be87-a6688b560706}</kactus2:uuid>
			</spirit:vendorExtensions>
		</spirit:componentInstance>
		<spirit:componentInstance>
			<spirit:instanceName>gray_scale_top_0_0</spirit:instanceName>
			<spirit:displayName></spirit:displayName>
			<spirit:description></spirit:description>
			<spirit:componentRef spirit:vendor="ARM" spirit:library="ip" spirit:name="GRAY_SCALE_TOP" spirit:version="1.0"/>
			<spirit:vendorExtensions>
				<kactus2:position x="650" y="340"/>
				<kactus2:portPositions>
					<kactus2:portPosition kactus2:busRef="INPUT_STREAM">
						<kactus2:position x="80" y="40"/>
					</kactus2:portPosition>
					<kactus2:portPosition kactus2:busRef="OUTPUT_STREAM">
						<kactus2:position x="80" y="130"/>
					</kactus2:portPosition>
					<kactus2:portPosition kactus2:busRef="S_AXI_CONTROL_BUS">
						<kactus2:position x="-80" y="70"/>
					</kactus2:portPosition>
				</kactus2:portPositions>
				<kactus2:propertyValues/>
				<kactus2:uuid>{cf27a1e9-735b-4e4a-8cd0-eee9b87f0871}</kactus2:uuid>
			</spirit:vendorExtensions>
		</spirit:componentInstance>
		<spirit:componentInstance>
			<spirit:instanceName>axi_vdma_1</spirit:instanceName>
			<spirit:displayName></spirit:displayName>
			<spirit:description></spirit:description>
			<spirit:componentRef spirit:vendor="ARM" spirit:library="ip" spirit:name="VDMA" spirit:version="1.0"/>
			<spirit:vendorExtensions>
				<kactus2:position x="650" y="60"/>
				<kactus2:portPositions>
					<kactus2:portPosition kactus2:busRef="M_AXIS_MM2S">
						<kactus2:position x="-80" y="110"/>
					</kactus2:portPosition>
					<kactus2:portPosition kactus2:busRef="M_AXI_MM2S">
						<kactus2:position x="80" y="40"/>
					</kactus2:portPosition>
					<kactus2:portPosition kactus2:busRef="M_AXI_S2MM">
						<kactus2:position x="-80" y="40"/>
					</kactus2:portPosition>
					<kactus2:portPosition kactus2:busRef="S_AXIS_S2MM">
						<kactus2:position x="80" y="70"/>
					</kactus2:portPosition>
					<kactus2:portPosition kactus2:busRef="S_AXI_LITE">
						<kactus2:position x="-80" y="70"/>
					</kactus2:portPosition>
				</kactus2:portPositions>
				<kactus2:propertyValues/>
				<kactus2:uuid>{61b2c595-f81c-463f-91db-01acac14876e}</kactus2:uuid>
			</spirit:vendorExtensions>
		</spirit:componentInstance>
		<spirit:componentInstance>
			<spirit:instanceName>gray_scale_top_0</spirit:instanceName>
			<spirit:displayName></spirit:displayName>
			<spirit:description></spirit:description>
			<spirit:componentRef spirit:vendor="ARM" spirit:library="ip" spirit:name="GRAY_SCALE_TOP" spirit:version="1.0"/>
			<spirit:vendorExtensions>
				<kactus2:position x="650" y="220"/>
				<kactus2:portPositions>
					<kactus2:portPosition kactus2:busRef="INPUT_STREAM">
						<kactus2:position x="-80" y="40"/>
					</kactus2:portPosition>
					<kactus2:portPosition kactus2:busRef="OUTPUT_STREAM">
						<kactus2:position x="80" y="40"/>
					</kactus2:portPosition>
					<kactus2:portPosition kactus2:busRef="S_AXI_CONTROL_BUS">
						<kactus2:position x="-80" y="70"/>
					</kactus2:portPosition>
				</kactus2:portPositions>
				<kactus2:propertyValues/>
				<kactus2:uuid>{4db816af-849f-4443-b605-f141e000473d}</kactus2:uuid>
			</spirit:vendorExtensions>
		</spirit:componentInstance>
		<spirit:componentInstance>
			<spirit:instanceName>axi1_0</spirit:instanceName>
			<spirit:displayName></spirit:displayName>
			<spirit:description></spirit:description>
			<spirit:componentRef spirit:vendor="ARM" spirit:library="bus" spirit:name="AXILITEBUS" spirit:version="1.0"/>
			<spirit:vendorExtensions>
				<kactus2:position x="390" y="330"/>
				<kactus2:portPositions>
					<kactus2:portPosition kactus2:busRef="axil_m0">
						<kactus2:position x="-80" y="40"/>
					</kactus2:portPosition>
					<kactus2:portPosition kactus2:busRef="axil_m1">
						<kactus2:position x="80" y="40"/>
					</kactus2:portPosition>
					<kactus2:portPosition kactus2:busRef="axil_s0">
						<kactus2:position x="-80" y="70"/>
					</kactus2:portPosition>
					<kactus2:portPosition kactus2:busRef="axil_s1">
						<kactus2:position x="80" y="70"/>
					</kactus2:portPosition>
					<kactus2:portPosition kactus2:busRef="axil_s10">
						<kactus2:position x="-80" y="100"/>
					</kactus2:portPosition>
					<kactus2:portPosition kactus2:busRef="axil_s11">
						<kactus2:position x="80" y="100"/>
					</kactus2:portPosition>
					<kactus2:portPosition kactus2:busRef="axil_s2">
						<kactus2:position x="-80" y="130"/>
					</kactus2:portPosition>
					<kactus2:portPosition kactus2:busRef="axil_s3">
						<kactus2:position x="80" y="130"/>
					</kactus2:portPosition>
					<kactus2:portPosition kactus2:busRef="axil_s4">
						<kactus2:position x="-80" y="160"/>
					</kactus2:portPosition>
					<kactus2:portPosition kactus2:busRef="axil_s5">
						<kactus2:position x="80" y="160"/>
					</kactus2:portPosition>
					<kactus2:portPosition kactus2:busRef="axil_s6">
						<kactus2:position x="-80" y="190"/>
					</kactus2:portPosition>
					<kactus2:portPosition kactus2:busRef="axil_s7">
						<kactus2:position x="80" y="190"/>
					</kactus2:portPosition>
					<kactus2:portPosition kactus2:busRef="axil_s8">
						<kactus2:position x="-80" y="220"/>
					</kactus2:portPosition>
					<kactus2:portPosition kactus2:busRef="axil_s9">
						<kactus2:position x="80" y="220"/>
					</kactus2:portPosition>
				</kactus2:portPositions>
				<kactus2:propertyValues/>
				<kactus2:uuid>{a4313029-e047-4f8d-abaa-2e2784fae390}</kactus2:uuid>
			</spirit:vendorExtensions>
		</spirit:componentInstance>
		<spirit:componentInstance>
			<spirit:instanceName>axi_1</spirit:instanceName>
			<spirit:displayName></spirit:displayName>
			<spirit:description></spirit:description>
			<spirit:componentRef spirit:vendor="ARM" spirit:library="bus" spirit:name="AXIBUS" spirit:version="1.0"/>
			<spirit:vendorExtensions>
				<kactus2:position x="390" y="60"/>
				<kactus2:portPositions>
					<kactus2:portPosition kactus2:busRef="axi_m0">
						<kactus2:position x="-80" y="40"/>
					</kactus2:portPosition>
					<kactus2:portPosition kactus2:busRef="axi_m1">
						<kactus2:position x="80" y="40"/>
					</kactus2:portPosition>
					<kactus2:portPosition kactus2:busRef="axi_m10">
						<kactus2:position x="-80" y="70"/>
					</kactus2:portPosition>
					<kactus2:portPosition kactus2:busRef="axi_m11">
						<kactus2:position x="80" y="70"/>
					</kactus2:portPosition>
					<kactus2:portPosition kactus2:busRef="axi_m2">
						<kactus2:position x="-80" y="100"/>
					</kactus2:portPosition>
					<kactus2:portPosition kactus2:busRef="axi_m3">
						<kactus2:position x="80" y="100"/>
					</kactus2:portPosition>
					<kactus2:portPosition kactus2:busRef="axi_m4">
						<kactus2:position x="-80" y="130"/>
					</kactus2:portPosition>
					<kactus2:portPosition kactus2:busRef="axi_m5">
						<kactus2:position x="80" y="130"/>
					</kactus2:portPosition>
					<kactus2:portPosition kactus2:busRef="axi_m6">
						<kactus2:position x="-80" y="160"/>
					</kactus2:portPosition>
					<kactus2:portPosition kactus2:busRef="axi_m7">
						<kactus2:position x="80" y="160"/>
					</kactus2:portPosition>
					<kactus2:portPosition kactus2:busRef="axi_m8">
						<kactus2:position x="-80" y="190"/>
					</kactus2:portPosition>
					<kactus2:portPosition kactus2:busRef="axi_m9">
						<kactus2:position x="80" y="190"/>
					</kactus2:portPosition>
					<kactus2:portPosition kactus2:busRef="axi_s0">
						<kactus2:position x="-80" y="220"/>
					</kactus2:portPosition>
					<kactus2:portPosition kactus2:busRef="axi_s1">
						<kactus2:position x="80" y="220"/>
					</kactus2:portPosition>
				</kactus2:portPositions>
				<kactus2:propertyValues/>
				<kactus2:uuid>{09e32516-680a-4996-8d24-2e7ec58a205f}</kactus2:uuid>
			</spirit:vendorExtensions>
		</spirit:componentInstance>
		<spirit:componentInstance>
			<spirit:instanceName>axi_2</spirit:instanceName>
			<spirit:displayName></spirit:displayName>
			<spirit:description></spirit:description>
			<spirit:componentRef spirit:vendor="ARM" spirit:library="bus" spirit:name="AXIBUS" spirit:version="1.0"/>
			<spirit:vendorExtensions>
				<kactus2:position x="390" y="600"/>
				<kactus2:portPositions>
					<kactus2:portPosition kactus2:busRef="axi_m0">
						<kactus2:position x="-80" y="40"/>
					</kactus2:portPosition>
					<kactus2:portPosition kactus2:busRef="axi_m1">
						<kactus2:position x="80" y="40"/>
					</kactus2:portPosition>
					<kactus2:portPosition kactus2:busRef="axi_m10">
						<kactus2:position x="-80" y="70"/>
					</kactus2:portPosition>
					<kactus2:portPosition kactus2:busRef="axi_m11">
						<kactus2:position x="80" y="70"/>
					</kactus2:portPosition>
					<kactus2:portPosition kactus2:busRef="axi_m2">
						<kactus2:position x="-80" y="100"/>
					</kactus2:portPosition>
					<kactus2:portPosition kactus2:busRef="axi_m3">
						<kactus2:position x="80" y="100"/>
					</kactus2:portPosition>
					<kactus2:portPosition kactus2:busRef="axi_m4">
						<kactus2:position x="-80" y="130"/>
					</kactus2:portPosition>
					<kactus2:portPosition kactus2:busRef="axi_m5">
						<kactus2:position x="80" y="130"/>
					</kactus2:portPosition>
					<kactus2:portPosition kactus2:busRef="axi_m6">
						<kactus2:position x="-80" y="160"/>
					</kactus2:portPosition>
					<kactus2:portPosition kactus2:busRef="axi_m7">
						<kactus2:position x="80" y="160"/>
					</kactus2:portPosition>
					<kactus2:portPosition kactus2:busRef="axi_m8">
						<kactus2:position x="-80" y="190"/>
					</kactus2:portPosition>
					<kactus2:portPosition kactus2:busRef="axi_m9">
						<kactus2:position x="80" y="190"/>
					</kactus2:portPosition>
					<kactus2:portPosition kactus2:busRef="axi_s0">
						<kactus2:position x="-80" y="220"/>
					</kactus2:portPosition>
					<kactus2:portPosition kactus2:busRef="axi_s1">
						<kactus2:position x="80" y="220"/>
					</kactus2:portPosition>
				</kactus2:portPositions>
				<kactus2:propertyValues/>
				<kactus2:uuid>{06dd5091-6e30-45c1-88e5-9004d0b0232c}</kactus2:uuid>
			</spirit:vendorExtensions>
		</spirit:componentInstance>
		<spirit:componentInstance>
			<spirit:instanceName>ps7_system_0</spirit:instanceName>
			<spirit:displayName></spirit:displayName>
			<spirit:description></spirit:description>
			<spirit:componentRef spirit:vendor="ARM" spirit:library="ip" spirit:name="CPU" spirit:version="1.0"/>
			<spirit:vendorExtensions>
				<kactus2:position x="130" y="60"/>
				<kactus2:portPositions>
					<kactus2:portPosition kactus2:busRef="M_AXI_GP0">
						<kactus2:position x="-80" y="40"/>
					</kactus2:portPosition>
					<kactus2:portPosition kactus2:busRef="M_AXI_GP1">
						<kactus2:position x="80" y="40"/>
					</kactus2:portPosition>
					<kactus2:portPosition kactus2:busRef="S_AXI_HP0">
						<kactus2:position x="-80" y="70"/>
					</kactus2:portPosition>
					<kactus2:portPosition kactus2:busRef="S_AXI_HP1">
						<kactus2:position x="80" y="70"/>
					</kactus2:portPosition>
					<kactus2:portPosition kactus2:busRef="S_AXI_HP2">
						<kactus2:position x="-80" y="100"/>
					</kactus2:portPosition>
					<kactus2:portPosition kactus2:busRef="S_AXI_HP3">
						<kactus2:position x="80" y="100"/>
					</kactus2:portPosition>
				</kactus2:portPositions>
				<kactus2:adHocVisibilities/>
				<kactus2:propertyValues/>
				<kactus2:uuid>{2ce43209-f238-4fd5-95e0-ce0d2297d654}</kactus2:uuid>
			</spirit:vendorExtensions>
		</spirit:componentInstance>
	</spirit:componentInstances>
	<spirit:interconnections>
		<spirit:interconnection>
			<spirit:name>axi_vdma_1_M_AXI_MM2S_to_axi_2_axi_m11</spirit:name>
			<spirit:activeInterface spirit:componentRef="axi_vdma_1" spirit:busRef="M_AXI_MM2S"/>
			<spirit:activeInterface spirit:componentRef="axi_2" spirit:busRef="axi_m11"/>
		</spirit:interconnection>
		<spirit:interconnection>
			<spirit:name>axi_vdma_1_0_M_AXI_S2MM_to_axi_2_axi_m3</spirit:name>
			<spirit:activeInterface spirit:componentRef="axi_vdma_1_0" spirit:busRef="M_AXI_S2MM"/>
			<spirit:activeInterface spirit:componentRef="axi_2" spirit:busRef="axi_m3"/>
		</spirit:interconnection>
		<spirit:interconnection>
			<spirit:name>axi_vdma_1_0_S_AXI_LITE_to_axi1_0_axil_s9</spirit:name>
			<spirit:activeInterface spirit:componentRef="axi_vdma_1_0" spirit:busRef="S_AXI_LITE"/>
			<spirit:activeInterface spirit:componentRef="axi1_0" spirit:busRef="axil_s9"/>
		</spirit:interconnection>
		<spirit:interconnection>
			<spirit:name>gray_scale_top_0_0_OUTPUT_STREAM_to_axi_vdma_1_0_S_AXIS_S2MM</spirit:name>
			<spirit:activeInterface spirit:componentRef="gray_scale_top_0_0" spirit:busRef="OUTPUT_STREAM"/>
			<spirit:activeInterface spirit:componentRef="axi_vdma_1_0" spirit:busRef="S_AXIS_S2MM"/>
		</spirit:interconnection>
		<spirit:interconnection>
			<spirit:name>gray_scale_top_0_OUTPUT_STREAM_to_gray_scale_top_0_0_INPUT_STREAM</spirit:name>
			<spirit:activeInterface spirit:componentRef="gray_scale_top_0" spirit:busRef="OUTPUT_STREAM"/>
			<spirit:activeInterface spirit:componentRef="gray_scale_top_0_0" spirit:busRef="INPUT_STREAM"/>
		</spirit:interconnection>
		<spirit:interconnection>
			<spirit:name>gray_scale_top_0_0_S_AXI_CONTROL_BUS_to_axi1_0_axil_s11</spirit:name>
			<spirit:activeInterface spirit:componentRef="gray_scale_top_0_0" spirit:busRef="S_AXI_CONTROL_BUS"/>
			<spirit:activeInterface spirit:componentRef="axi1_0" spirit:busRef="axil_s11"/>
		</spirit:interconnection>
		<spirit:interconnection>
			<spirit:name>ps7_system_0_M_AXI_GP0_to_axi1_0_axil_m0</spirit:name>
			<spirit:activeInterface spirit:componentRef="ps7_system_0" spirit:busRef="M_AXI_GP0"/>
			<spirit:activeInterface spirit:componentRef="axi1_0" spirit:busRef="axil_m0"/>
		</spirit:interconnection>
		<spirit:interconnection>
			<spirit:name>ps7_system_0_S_AXI_HP0_to_axi_1_axi_s0</spirit:name>
			<spirit:activeInterface spirit:componentRef="ps7_system_0" spirit:busRef="S_AXI_HP0"/>
			<spirit:activeInterface spirit:componentRef="axi_1" spirit:busRef="axi_s0"/>
		</spirit:interconnection>
		<spirit:interconnection>
			<spirit:name>ps7_system_0_S_AXI_HP1_to_axi_2_axi_s0</spirit:name>
			<spirit:activeInterface spirit:componentRef="ps7_system_0" spirit:busRef="S_AXI_HP1"/>
			<spirit:activeInterface spirit:componentRef="axi_2" spirit:busRef="axi_s0"/>
		</spirit:interconnection>
		<spirit:interconnection>
			<spirit:name>axi_vdma_1_S_AXI_LITE_to_axi1_0_axil_s0</spirit:name>
			<spirit:activeInterface spirit:componentRef="axi_vdma_1" spirit:busRef="S_AXI_LITE"/>
			<spirit:activeInterface spirit:componentRef="axi1_0" spirit:busRef="axil_s0"/>
		</spirit:interconnection>
		<spirit:interconnection>
			<spirit:name>gray_scale_top_0_S_AXI_CONTROL_BUS_to_axi1_0_axil_s1</spirit:name>
			<spirit:activeInterface spirit:componentRef="gray_scale_top_0" spirit:busRef="S_AXI_CONTROL_BUS"/>
			<spirit:activeInterface spirit:componentRef="axi1_0" spirit:busRef="axil_s1"/>
		</spirit:interconnection>
		<spirit:interconnection>
			<spirit:name>gray_scale_top_0_INPUT_STREAM_to_axi_vdma_1_M_AXIS_MM2S</spirit:name>
			<spirit:activeInterface spirit:componentRef="gray_scale_top_0" spirit:busRef="INPUT_STREAM"/>
			<spirit:activeInterface spirit:componentRef="axi_vdma_1" spirit:busRef="M_AXIS_MM2S"/>
		</spirit:interconnection>
	</spirit:interconnections>
	<spirit:vendorExtensions>
		<kactus2:extensions>
			<kactus2:columnLayout>
				<kactus2:column name="Components" contentType="2" allowedItems="2" minWidth="259" width="259"/>
				<kactus2:column name="Buses" contentType="2" allowedItems="2" minWidth="259" width="259"/>
				<kactus2:column name="Components" contentType="2" allowedItems="2" minWidth="259" width="259"/>
				<kactus2:column name="IO" contentType="0" allowedItems="1" minWidth="119" width="119"/>
			</kactus2:columnLayout>
			<kactus2:routes>
				<kactus2:route kactus2:connRef="axi_vdma_1_M_AXI_MM2S_to_axi_2_axi_m11" kactus2:offPage="false">
					<kactus2:position x="730" y="100"/>
					<kactus2:position x="740" y="100"/>
					<kactus2:position x="740" y="670"/>
					<kactus2:position x="470" y="670"/>
				</kactus2:route>
				<kactus2:route kactus2:connRef="axi_vdma_1_0_M_AXI_S2MM_to_axi_2_axi_m3" kactus2:offPage="false">
					<kactus2:position x="570" y="710"/>
					<kactus2:position x="490" y="710"/>
					<kactus2:position x="490" y="700"/>
					<kactus2:position x="470" y="700"/>
				</kactus2:route>
				<kactus2:route kactus2:connRef="axi_vdma_1_0_S_AXI_LITE_to_axi1_0_axil_s9" kactus2:offPage="false">
					<kactus2:position x="570" y="620"/>
					<kactus2:position x="490" y="620"/>
					<kactus2:position x="490" y="550"/>
					<kactus2:position x="470" y="550"/>
				</kactus2:route>
				<kactus2:route kactus2:connRef="gray_scale_top_0_0_OUTPUT_STREAM_to_axi_vdma_1_0_S_AXIS_S2MM" kactus2:offPage="false">
					<kactus2:position x="730" y="470"/>
					<kactus2:position x="750" y="470"/>
					<kactus2:position x="750" y="590"/>
					<kactus2:position x="730" y="590"/>
				</kactus2:route>
				<kactus2:route kactus2:connRef="gray_scale_top_0_OUTPUT_STREAM_to_gray_scale_top_0_0_INPUT_STREAM" kactus2:offPage="false">
					<kactus2:position x="730" y="260"/>
					<kactus2:position x="750" y="260"/>
					<kactus2:position x="750" y="380"/>
					<kactus2:position x="730" y="380"/>
				</kactus2:route>
				<kactus2:route kactus2:connRef="gray_scale_top_0_0_S_AXI_CONTROL_BUS_to_axi1_0_axil_s11" kactus2:offPage="false">
					<kactus2:position x="570" y="410"/>
					<kactus2:position x="490" y="410"/>
					<kactus2:position x="490" y="430"/>
					<kactus2:position x="470" y="430"/>
				</kactus2:route>
				<kactus2:route kactus2:connRef="ps7_system_0_M_AXI_GP0_to_axi1_0_axil_m0" kactus2:offPage="false">
					<kactus2:position x="50" y="100"/>
					<kactus2:position x="40" y="100"/>
					<kactus2:position x="40" y="370"/>
					<kactus2:position x="310" y="370"/>
				</kactus2:route>
				<kactus2:route kactus2:connRef="ps7_system_0_S_AXI_HP0_to_axi_1_axi_s0" kactus2:offPage="false">
					<kactus2:position x="50" y="130"/>
					<kactus2:position x="20" y="130"/>
					<kactus2:position x="20" y="280"/>
					<kactus2:position x="310" y="280"/>
				</kactus2:route>
				<kactus2:route kactus2:connRef="ps7_system_0_S_AXI_HP1_to_axi_2_axi_s0" kactus2:offPage="false">
					<kactus2:position x="210" y="130"/>
					<kactus2:position x="280" y="130"/>
					<kactus2:position x="280" y="820"/>
					<kactus2:position x="310" y="820"/>
				</kactus2:route>
				<kactus2:route kactus2:connRef="axi_vdma_1_S_AXI_LITE_to_axi1_0_axil_s0" kactus2:offPage="false">
					<kactus2:position x="570" y="130"/>
					<kactus2:position x="290" y="130"/>
					<kactus2:position x="290" y="400"/>
					<kactus2:position x="310" y="400"/>
				</kactus2:route>
				<kactus2:route kactus2:connRef="gray_scale_top_0_S_AXI_CONTROL_BUS_to_axi1_0_axil_s1" kactus2:offPage="false">
					<kactus2:position x="570" y="290"/>
					<kactus2:position x="520" y="290"/>
					<kactus2:position x="520" y="400"/>
					<kactus2:position x="470" y="400"/>
				</kactus2:route>
				<kactus2:route kactus2:connRef="gray_scale_top_0_INPUT_STREAM_to_axi_vdma_1_M_AXIS_MM2S" kactus2:offPage="false">
					<kactus2:position x="570" y="260"/>
					<kactus2:position x="550" y="260"/>
					<kactus2:position x="550" y="170"/>
					<kactus2:position x="570" y="170"/>
				</kactus2:route>
			</kactus2:routes>
		</kactus2:extensions>
	</spirit:vendorExtensions>
</spirit:design>
