<?xml version="1.0" encoding="UTF-8"?>
<!--Created by Kactus210:26:20 25.06.2014-->
<spirit:design xmlns:kactus2="http://funbase.cs.tut.fi/" xmlns:spirit="http://www.spiritconsortium.org/XMLSchema/SPIRIT/1.5" xmlns:xsi="http://www.w3.org/2001/XMLSchema-instance" xsi:schemaLocation="http://www.spiritconsortium.org/XMLSchema/SPIRIT/1.5 http://www.spiritconsortium.org/XMLSchema/SPIRIT/1.5/index.xsd">
	<spirit:vendor>ARM</spirit:vendor>
	<spirit:library>design</spirit:library>
	<spirit:name>System1.design</spirit:name>
	<spirit:version>1.0</spirit:version>
	<spirit:componentInstances>
		<spirit:componentInstance>
			<spirit:instanceName>axi_spdif_tx_0</spirit:instanceName>
			<spirit:displayName></spirit:displayName>
			<spirit:description></spirit:description>
			<spirit:componentRef spirit:vendor="ARM" spirit:library="ip" spirit:name="AXI_SPDIF_TX" spirit:version="1.0"/>
			<spirit:vendorExtensions>
				<kactus2:position x="650" y="860"/>
				<kactus2:portPositions>
					<kactus2:portPosition kactus2:busRef="S_AXI">
						<kactus2:position x="-80" y="60"/>
					</kactus2:portPosition>
					<kactus2:portPosition kactus2:busRef="S_AXIS_MM2S">
						<kactus2:position x="-80" y="40"/>
					</kactus2:portPosition>
				</kactus2:portPositions>
				<kactus2:propertyValues/>
				<kactus2:uuid>{b5f1d64e-a77c-4310-95ad-6a85bd72f44a}</kactus2:uuid>
			</spirit:vendorExtensions>
		</spirit:componentInstance>
		<spirit:componentInstance>
			<spirit:instanceName>axi_dma_spdif</spirit:instanceName>
			<spirit:displayName></spirit:displayName>
			<spirit:description></spirit:description>
			<spirit:componentRef spirit:vendor="ARM" spirit:library="ip" spirit:name="AXI_DMA" spirit:version="1.0"/>
			<spirit:vendorExtensions>
				<kactus2:position x="650" y="670"/>
				<kactus2:portPositions>
					<kactus2:portPosition kactus2:busRef="M_AXIS_MM2S">
						<kactus2:position x="-80" y="80"/>
					</kactus2:portPosition>
					<kactus2:portPosition kactus2:busRef="M_AXI_MM2S">
						<kactus2:position x="-80" y="40"/>
					</kactus2:portPosition>
					<kactus2:portPosition kactus2:busRef="M_AXI_S2MM">
						<kactus2:position x="80" y="60"/>
					</kactus2:portPosition>
					<kactus2:portPosition kactus2:busRef="M_AXI_SG">
						<kactus2:position x="-80" y="110"/>
					</kactus2:portPosition>
					<kactus2:portPosition kactus2:busRef="S_AXIS_S2MM">
						<kactus2:position x="80" y="140"/>
					</kactus2:portPosition>
					<kactus2:portPosition kactus2:busRef="S_AXI_LITE">
						<kactus2:position x="-80" y="140"/>
					</kactus2:portPosition>
				</kactus2:portPositions>
				<kactus2:propertyValues/>
				<kactus2:uuid>{633048bf-8602-4178-9bfd-7abf05091a8a}</kactus2:uuid>
			</spirit:vendorExtensions>
		</spirit:componentInstance>
		<spirit:componentInstance>
			<spirit:instanceName>axi_hdmi_tx_16b_0</spirit:instanceName>
			<spirit:displayName></spirit:displayName>
			<spirit:description></spirit:description>
			<spirit:componentRef spirit:vendor="ARM" spirit:library="ip" spirit:name="axi_hdmi_tx_16b" spirit:version="1.0"/>
			<spirit:vendorExtensions>
				<kactus2:position x="650" y="410"/>
				<kactus2:portPositions>
					<kactus2:portPosition kactus2:busRef="M_AXIS_MM2S">
						<kactus2:position x="80" y="40"/>
					</kactus2:portPosition>
					<kactus2:portPosition kactus2:busRef="S_AXI">
						<kactus2:position x="-80" y="40"/>
					</kactus2:portPosition>
				</kactus2:portPositions>
				<kactus2:propertyValues/>
				<kactus2:uuid>{c104b9a7-63be-4832-a9a0-237063c5eece}</kactus2:uuid>
			</spirit:vendorExtensions>
		</spirit:componentInstance>
		<spirit:componentInstance>
			<spirit:instanceName>axi_vdma_0</spirit:instanceName>
			<spirit:displayName></spirit:displayName>
			<spirit:description></spirit:description>
			<spirit:componentRef spirit:vendor="ARM" spirit:library="ip" spirit:name="axi_vdma" spirit:version="1.0"/>
			<spirit:vendorExtensions>
				<kactus2:position x="650" y="500"/>
				<kactus2:portPositions>
					<kactus2:portPosition kactus2:busRef="M_AXIS_MM2S">
						<kactus2:position x="80" y="60"/>
					</kactus2:portPosition>
					<kactus2:portPosition kactus2:busRef="M_AXI_MM2S">
						<kactus2:position x="-80" y="80"/>
					</kactus2:portPosition>
					<kactus2:portPosition kactus2:busRef="M_AXI_S2MM">
						<kactus2:position x="-80" y="120"/>
					</kactus2:portPosition>
					<kactus2:portPosition kactus2:busRef="S_AXIS_S2MM">
						<kactus2:position x="80" y="100"/>
					</kactus2:portPosition>
					<kactus2:portPosition kactus2:busRef="S_AXI_LITE">
						<kactus2:position x="-80" y="40"/>
					</kactus2:portPosition>
				</kactus2:portPositions>
				<kactus2:propertyValues/>
				<kactus2:uuid>{6bda78f2-22e5-4038-a6e7-88a69907bb8a}</kactus2:uuid>
			</spirit:vendorExtensions>
		</spirit:componentInstance>
		<spirit:componentInstance>
			<spirit:instanceName>axi_dma_i2s</spirit:instanceName>
			<spirit:displayName></spirit:displayName>
			<spirit:description></spirit:description>
			<spirit:componentRef spirit:vendor="ARM" spirit:library="ip" spirit:name="AXI_DMA" spirit:version="1.0"/>
			<spirit:vendorExtensions>
				<kactus2:position x="650" y="60"/>
				<kactus2:portPositions>
					<kactus2:portPosition kactus2:busRef="M_AXIS_MM2S">
						<kactus2:position x="-80" y="180"/>
					</kactus2:portPosition>
					<kactus2:portPosition kactus2:busRef="M_AXI_MM2S">
						<kactus2:position x="-80" y="70"/>
					</kactus2:portPosition>
					<kactus2:portPosition kactus2:busRef="M_AXI_S2MM">
						<kactus2:position x="80" y="40"/>
					</kactus2:portPosition>
					<kactus2:portPosition kactus2:busRef="M_AXI_SG">
						<kactus2:position x="-80" y="110"/>
					</kactus2:portPosition>
					<kactus2:portPosition kactus2:busRef="S_AXIS_S2MM">
						<kactus2:position x="80" y="160"/>
					</kactus2:portPosition>
					<kactus2:portPosition kactus2:busRef="S_AXI_LITE">
						<kactus2:position x="-80" y="140"/>
					</kactus2:portPosition>
				</kactus2:portPositions>
				<kactus2:propertyValues/>
				<kactus2:uuid>{8482794e-ab2b-419e-89d2-4c866da5d1f1}</kactus2:uuid>
			</spirit:vendorExtensions>
		</spirit:componentInstance>
		<spirit:componentInstance>
			<spirit:instanceName>axi_i2s_adi_0</spirit:instanceName>
			<spirit:displayName></spirit:displayName>
			<spirit:description></spirit:description>
			<spirit:componentRef spirit:vendor="ARM" spirit:library="ip" spirit:name="AXI_I2S_ADI" spirit:version="1.0"/>
			<spirit:vendorExtensions>
				<kactus2:position x="650" y="290"/>
				<kactus2:portPositions>
					<kactus2:portPosition kactus2:busRef="M_AXIS_S2MM">
						<kactus2:position x="80" y="40"/>
					</kactus2:portPosition>
					<kactus2:portPosition kactus2:busRef="S_AXI">
						<kactus2:position x="-80" y="40"/>
					</kactus2:portPosition>
					<kactus2:portPosition kactus2:busRef="S_AXIS_MM2S">
						<kactus2:position x="-80" y="70"/>
					</kactus2:portPosition>
				</kactus2:portPositions>
				<kactus2:propertyValues/>
				<kactus2:uuid>{89663a6d-6eb2-4215-9639-51ab8128518c}</kactus2:uuid>
			</spirit:vendorExtensions>
		</spirit:componentInstance>
		<spirit:componentInstance>
			<spirit:instanceName>axi_interconnect_1</spirit:instanceName>
			<spirit:displayName></spirit:displayName>
			<spirit:description></spirit:description>
			<spirit:componentRef spirit:vendor="ARM" spirit:library="bus" spirit:name="AXILITEBUS" spirit:version="1.0"/>
			<spirit:vendorExtensions>
				<kactus2:position x="390" y="330"/>
				<kactus2:portPositions>
					<kactus2:portPosition kactus2:busRef="axil_m0">
						<kactus2:position x="-80" y="40"/>
					</kactus2:portPosition>
					<kactus2:portPosition kactus2:busRef="axil_m1">
						<kactus2:position x="80" y="40"/>
					</kactus2:portPosition>
					<kactus2:portPosition kactus2:busRef="axil_s0">
						<kactus2:position x="-80" y="70"/>
					</kactus2:portPosition>
					<kactus2:portPosition kactus2:busRef="axil_s1">
						<kactus2:position x="80" y="70"/>
					</kactus2:portPosition>
					<kactus2:portPosition kactus2:busRef="axil_s10">
						<kactus2:position x="-80" y="100"/>
					</kactus2:portPosition>
					<kactus2:portPosition kactus2:busRef="axil_s11">
						<kactus2:position x="80" y="100"/>
					</kactus2:portPosition>
					<kactus2:portPosition kactus2:busRef="axil_s2">
						<kactus2:position x="-80" y="130"/>
					</kactus2:portPosition>
					<kactus2:portPosition kactus2:busRef="axil_s3">
						<kactus2:position x="80" y="130"/>
					</kactus2:portPosition>
					<kactus2:portPosition kactus2:busRef="axil_s4">
						<kactus2:position x="-80" y="160"/>
					</kactus2:portPosition>
					<kactus2:portPosition kactus2:busRef="axil_s5">
						<kactus2:position x="80" y="160"/>
					</kactus2:portPosition>
					<kactus2:portPosition kactus2:busRef="axil_s6">
						<kactus2:position x="80" y="190"/>
					</kactus2:portPosition>
					<kactus2:portPosition kactus2:busRef="axil_s7">
						<kactus2:position x="80" y="220"/>
					</kactus2:portPosition>
					<kactus2:portPosition kactus2:busRef="axil_s8">
						<kactus2:position x="80" y="240"/>
					</kactus2:portPosition>
					<kactus2:portPosition kactus2:busRef="axil_s9">
						<kactus2:position x="80" y="260"/>
					</kactus2:portPosition>
				</kactus2:portPositions>
				<kactus2:propertyValues/>
				<kactus2:uuid>{0a037c83-85f4-42c6-9ce7-ffd443315601}</kactus2:uuid>
			</spirit:vendorExtensions>
		</spirit:componentInstance>
		<spirit:componentInstance>
			<spirit:instanceName>axi_interconnect_2</spirit:instanceName>
			<spirit:displayName></spirit:displayName>
			<spirit:description></spirit:description>
			<spirit:componentRef spirit:vendor="ARM" spirit:library="bus" spirit:name="AXIBUS" spirit:version="1.0"/>
			<spirit:vendorExtensions>
				<kactus2:position x="390" y="640"/>
				<kactus2:portPositions>
					<kactus2:portPosition kactus2:busRef="axi_m0">
						<kactus2:position x="-80" y="40"/>
					</kactus2:portPosition>
					<kactus2:portPosition kactus2:busRef="axi_m1">
						<kactus2:position x="80" y="40"/>
					</kactus2:portPosition>
					<kactus2:portPosition kactus2:busRef="axi_m10">
						<kactus2:position x="-80" y="70"/>
					</kactus2:portPosition>
					<kactus2:portPosition kactus2:busRef="axi_m11">
						<kactus2:position x="80" y="70"/>
					</kactus2:portPosition>
					<kactus2:portPosition kactus2:busRef="axi_m2">
						<kactus2:position x="-80" y="100"/>
					</kactus2:portPosition>
					<kactus2:portPosition kactus2:busRef="axi_m3">
						<kactus2:position x="80" y="100"/>
					</kactus2:portPosition>
					<kactus2:portPosition kactus2:busRef="axi_m4">
						<kactus2:position x="-80" y="130"/>
					</kactus2:portPosition>
					<kactus2:portPosition kactus2:busRef="axi_m5">
						<kactus2:position x="80" y="130"/>
					</kactus2:portPosition>
					<kactus2:portPosition kactus2:busRef="axi_m6">
						<kactus2:position x="-80" y="160"/>
					</kactus2:portPosition>
					<kactus2:portPosition kactus2:busRef="axi_m7">
						<kactus2:position x="80" y="160"/>
					</kactus2:portPosition>
					<kactus2:portPosition kactus2:busRef="axi_m8">
						<kactus2:position x="-80" y="190"/>
					</kactus2:portPosition>
					<kactus2:portPosition kactus2:busRef="axi_m9">
						<kactus2:position x="80" y="190"/>
					</kactus2:portPosition>
					<kactus2:portPosition kactus2:busRef="axi_s0">
						<kactus2:position x="-80" y="220"/>
					</kactus2:portPosition>
					<kactus2:portPosition kactus2:busRef="axi_s1">
						<kactus2:position x="80" y="220"/>
					</kactus2:portPosition>
				</kactus2:portPositions>
				<kactus2:propertyValues/>
				<kactus2:uuid>{1e8a0a9c-b6d9-4589-baa2-e37be8e60d25}</kactus2:uuid>
			</spirit:vendorExtensions>
		</spirit:componentInstance>
		<spirit:componentInstance>
			<spirit:instanceName>axi_interconnect_0</spirit:instanceName>
			<spirit:displayName></spirit:displayName>
			<spirit:description></spirit:description>
			<spirit:componentRef spirit:vendor="ARM" spirit:library="bus" spirit:name="AXIBUS" spirit:version="1.0"/>
			<spirit:vendorExtensions>
				<kactus2:position x="390" y="60"/>
				<kactus2:portPositions>
					<kactus2:portPosition kactus2:busRef="axi_m0">
						<kactus2:position x="80" y="40"/>
					</kactus2:portPosition>
					<kactus2:portPosition kactus2:busRef="axi_m1">
						<kactus2:position x="80" y="60"/>
					</kactus2:portPosition>
					<kactus2:portPosition kactus2:busRef="axi_m10">
						<kactus2:position x="-80" y="70"/>
					</kactus2:portPosition>
					<kactus2:portPosition kactus2:busRef="axi_m11">
						<kactus2:position x="80" y="80"/>
					</kactus2:portPosition>
					<kactus2:portPosition kactus2:busRef="axi_m2">
						<kactus2:position x="-80" y="100"/>
					</kactus2:portPosition>
					<kactus2:portPosition kactus2:busRef="axi_m3">
						<kactus2:position x="80" y="100"/>
					</kactus2:portPosition>
					<kactus2:portPosition kactus2:busRef="axi_m4">
						<kactus2:position x="-80" y="130"/>
					</kactus2:portPosition>
					<kactus2:portPosition kactus2:busRef="axi_m5">
						<kactus2:position x="80" y="130"/>
					</kactus2:portPosition>
					<kactus2:portPosition kactus2:busRef="axi_m6">
						<kactus2:position x="-80" y="160"/>
					</kactus2:portPosition>
					<kactus2:portPosition kactus2:busRef="axi_m7">
						<kactus2:position x="80" y="160"/>
					</kactus2:portPosition>
					<kactus2:portPosition kactus2:busRef="axi_m8">
						<kactus2:position x="-80" y="190"/>
					</kactus2:portPosition>
					<kactus2:portPosition kactus2:busRef="axi_m9">
						<kactus2:position x="80" y="190"/>
					</kactus2:portPosition>
					<kactus2:portPosition kactus2:busRef="axi_s0">
						<kactus2:position x="-80" y="220"/>
					</kactus2:portPosition>
					<kactus2:portPosition kactus2:busRef="axi_s1">
						<kactus2:position x="80" y="220"/>
					</kactus2:portPosition>
				</kactus2:portPositions>
				<kactus2:propertyValues/>
				<kactus2:uuid>{f4d2a4b4-be51-499f-8e80-df5773e18f4b}</kactus2:uuid>
			</spirit:vendorExtensions>
		</spirit:componentInstance>
		<spirit:componentInstance>
			<spirit:instanceName>axi_iic_0</spirit:instanceName>
			<spirit:displayName></spirit:displayName>
			<spirit:description></spirit:description>
			<spirit:componentRef spirit:vendor="ARM" spirit:library="ip" spirit:name="AXI_IIC" spirit:version="1.0"/>
			<spirit:vendorExtensions>
				<kactus2:position x="130" y="660"/>
				<kactus2:portPositions>
					<kactus2:portPosition kactus2:busRef="S_AXI">
						<kactus2:position x="80" y="40"/>
					</kactus2:portPosition>
				</kactus2:portPositions>
				<kactus2:propertyValues/>
				<kactus2:uuid>{75536cf8-732d-4b89-8456-6bb09b335f4b}</kactus2:uuid>
			</spirit:vendorExtensions>
		</spirit:componentInstance>
		<spirit:componentInstance>
			<spirit:instanceName>clock_generator_0</spirit:instanceName>
			<spirit:displayName></spirit:displayName>
			<spirit:description></spirit:description>
			<spirit:componentRef spirit:vendor="ARM" spirit:library="ip" spirit:name="clock_generator" spirit:version="1.0"/>
			<spirit:vendorExtensions>
				<kactus2:position x="130" y="570"/>
				<kactus2:propertyValues/>
				<kactus2:uuid>{d0269326-5376-4bd7-8d47-708219503ba8}</kactus2:uuid>
			</spirit:vendorExtensions>
		</spirit:componentInstance>
		<spirit:componentInstance>
			<spirit:instanceName>axi_clkgen_0</spirit:instanceName>
			<spirit:displayName></spirit:displayName>
			<spirit:description></spirit:description>
			<spirit:componentRef spirit:vendor="ARM" spirit:library="ip" spirit:name="AXI_CLKGEN" spirit:version="1.0"/>
			<spirit:vendorExtensions>
				<kactus2:position x="130" y="480"/>
				<kactus2:portPositions>
					<kactus2:portPosition kactus2:busRef="S_AXI">
						<kactus2:position x="80" y="40"/>
					</kactus2:portPosition>
				</kactus2:portPositions>
				<kactus2:propertyValues/>
				<kactus2:uuid>{9b997ef3-ab49-4123-bb21-80cb67dada03}</kactus2:uuid>
			</spirit:vendorExtensions>
		</spirit:componentInstance>
		<spirit:componentInstance>
			<spirit:instanceName>cam_mem_0</spirit:instanceName>
			<spirit:displayName></spirit:displayName>
			<spirit:description></spirit:description>
			<spirit:componentRef spirit:vendor="ARM" spirit:library="ip" spirit:name="test_mem" spirit:version="1.0"/>
			<spirit:vendorExtensions>
				<kactus2:position x="130" y="390"/>
				<kactus2:portPositions>
					<kactus2:portPosition kactus2:busRef="S_AXI">
						<kactus2:position x="80" y="40"/>
					</kactus2:portPosition>
				</kactus2:portPositions>
				<kactus2:propertyValues/>
				<kactus2:uuid>{30f9d4b3-4226-46a7-9069-bc0833498520}</kactus2:uuid>
			</spirit:vendorExtensions>
		</spirit:componentInstance>
		<spirit:componentInstance>
			<spirit:instanceName>util_i2c_mixer_0</spirit:instanceName>
			<spirit:displayName></spirit:displayName>
			<spirit:description></spirit:description>
			<spirit:componentRef spirit:vendor="ARM" spirit:library="ip" spirit:name="util_i2c_mixer" spirit:version="1.0"/>
			<spirit:vendorExtensions>
				<kactus2:position x="130" y="300"/>
				<kactus2:propertyValues/>
				<kactus2:uuid>{5f76826d-edc7-4eb5-bdc3-4fbb1efb4936}</kactus2:uuid>
			</spirit:vendorExtensions>
		</spirit:componentInstance>
		<spirit:componentInstance>
			<spirit:instanceName>util_vector_logic_0</spirit:instanceName>
			<spirit:displayName></spirit:displayName>
			<spirit:description></spirit:description>
			<spirit:componentRef spirit:vendor="ARM" spirit:library="ip" spirit:name="UTIL_VECTOR_LOGIC" spirit:version="1.0"/>
			<spirit:vendorExtensions>
				<kactus2:position x="130" y="210"/>
				<kactus2:propertyValues/>
				<kactus2:uuid>{987f9e3c-c5ce-4fc8-bc6b-c097e1563101}</kactus2:uuid>
			</spirit:vendorExtensions>
		</spirit:componentInstance>
		<spirit:componentInstance>
			<spirit:instanceName>processing_system7_0</spirit:instanceName>
			<spirit:displayName></spirit:displayName>
			<spirit:description></spirit:description>
			<spirit:componentRef spirit:vendor="ARM" spirit:library="ip" spirit:name="processing_system7" spirit:version="1.0"/>
			<spirit:vendorExtensions>
				<kactus2:position x="130" y="60"/>
				<kactus2:portPositions>
					<kactus2:portPosition kactus2:busRef="M_AXI_GP0">
						<kactus2:position x="-80" y="40"/>
					</kactus2:portPosition>
					<kactus2:portPosition kactus2:busRef="M_AXI_GP1">
						<kactus2:position x="80" y="40"/>
					</kactus2:portPosition>
					<kactus2:portPosition kactus2:busRef="S_AXI_HP0">
						<kactus2:position x="-80" y="70"/>
					</kactus2:portPosition>
					<kactus2:portPosition kactus2:busRef="S_AXI_HP1">
						<kactus2:position x="80" y="70"/>
					</kactus2:portPosition>
					<kactus2:portPosition kactus2:busRef="S_AXI_HP2">
						<kactus2:position x="-80" y="100"/>
					</kactus2:portPosition>
					<kactus2:portPosition kactus2:busRef="S_AXI_HP3">
						<kactus2:position x="80" y="100"/>
					</kactus2:portPosition>
				</kactus2:portPositions>
				<kactus2:adHocVisibilities/>
				<kactus2:propertyValues/>
				<kactus2:uuid>{7ee56b34-cecf-4b46-9bf5-fda70cb4c9f6}</kactus2:uuid>
			</spirit:vendorExtensions>
		</spirit:componentInstance>
	</spirit:componentInstances>
	<spirit:interconnections>
		<spirit:interconnection>
			<spirit:name>axi_dma_i2s_M_AXI_S2MM_to_axi_interconnect_0_axi_m0</spirit:name>
			<spirit:activeInterface spirit:componentRef="axi_dma_i2s" spirit:busRef="M_AXI_S2MM"/>
			<spirit:activeInterface spirit:componentRef="axi_interconnect_0" spirit:busRef="axi_m0"/>
		</spirit:interconnection>
		<spirit:interconnection>
			<spirit:name>axi_dma_i2s_M_AXI_SG_to_axi_interconnect_0_axi_m1</spirit:name>
			<spirit:activeInterface spirit:componentRef="axi_dma_i2s" spirit:busRef="M_AXI_SG"/>
			<spirit:activeInterface spirit:componentRef="axi_interconnect_0" spirit:busRef="axi_m1"/>
		</spirit:interconnection>
		<spirit:interconnection>
			<spirit:name>axi_i2s_adi_0_S_AXIS_MM2S_to_axi_dma_i2s_M_AXIS_MM2S</spirit:name>
			<spirit:activeInterface spirit:componentRef="axi_i2s_adi_0" spirit:busRef="S_AXIS_MM2S"/>
			<spirit:activeInterface spirit:componentRef="axi_dma_i2s" spirit:busRef="M_AXIS_MM2S"/>
		</spirit:interconnection>
		<spirit:interconnection>
			<spirit:name>axi_interconnect_1_axil_s4_to_axi_iic_0_S_AXI</spirit:name>
			<spirit:activeInterface spirit:componentRef="axi_interconnect_1" spirit:busRef="axil_s4"/>
			<spirit:activeInterface spirit:componentRef="axi_iic_0" spirit:busRef="S_AXI"/>
		</spirit:interconnection>
		<spirit:interconnection>
			<spirit:name>axi_spdif_tx_0_S_AXI_to_axi_1_axil_s7</spirit:name>
			<spirit:activeInterface spirit:componentRef="axi_spdif_tx_0" spirit:busRef="S_AXI"/>
			<spirit:activeInterface spirit:componentRef="axi_interconnect_1" spirit:busRef="axil_s7"/>
		</spirit:interconnection>
		<spirit:interconnection>
			<spirit:name>axi_dma_spd_M_AXI_MM2S_to_axi_0_axi_m5</spirit:name>
			<spirit:activeInterface spirit:componentRef="axi_dma_spdif" spirit:busRef="M_AXI_MM2S"/>
			<spirit:activeInterface spirit:componentRef="axi_interconnect_0" spirit:busRef="axi_m5"/>
		</spirit:interconnection>
		<spirit:interconnection>
			<spirit:name>axi_dma_spd_S_AXI_LITE_to_axi_1_axil_s5</spirit:name>
			<spirit:activeInterface spirit:componentRef="axi_dma_spdif" spirit:busRef="S_AXI_LITE"/>
			<spirit:activeInterface spirit:componentRef="axi_interconnect_1" spirit:busRef="axil_s5"/>
		</spirit:interconnection>
		<spirit:interconnection>
			<spirit:name>axi_hdmi_tx_16b_0_S_AXI_to_axi_1_axil_s3</spirit:name>
			<spirit:activeInterface spirit:componentRef="axi_hdmi_tx_16b_0" spirit:busRef="S_AXI"/>
			<spirit:activeInterface spirit:componentRef="axi_interconnect_1" spirit:busRef="axil_s3"/>
		</spirit:interconnection>
		<spirit:interconnection>
			<spirit:name>axi_vdma_0_M_AXIS_MM2S_to_axi_hdmi_tx_16b_0_M_AXIS_MM2S</spirit:name>
			<spirit:activeInterface spirit:componentRef="axi_vdma_0" spirit:busRef="M_AXIS_MM2S"/>
			<spirit:activeInterface spirit:componentRef="axi_hdmi_tx_16b_0" spirit:busRef="M_AXIS_MM2S"/>
		</spirit:interconnection>
		<spirit:interconnection>
			<spirit:name>axi_vdma_0_M_AXI_MM2S_to_axi_2_axi_m1</spirit:name>
			<spirit:activeInterface spirit:componentRef="axi_vdma_0" spirit:busRef="M_AXI_MM2S"/>
			<spirit:activeInterface spirit:componentRef="axi_interconnect_2" spirit:busRef="axi_m1"/>
		</spirit:interconnection>
		<spirit:interconnection>
			<spirit:name>axi_vdma_0_S_AXI_LITE_to_axi_1_axil_s11</spirit:name>
			<spirit:activeInterface spirit:componentRef="axi_vdma_0" spirit:busRef="S_AXI_LITE"/>
			<spirit:activeInterface spirit:componentRef="axi_interconnect_1" spirit:busRef="axil_s11"/>
		</spirit:interconnection>
		<spirit:interconnection>
			<spirit:name>axi_i2s_adi_0_M_AXIS_S2MM_to_axi_dma_i2s_S_AXIS_S2MM</spirit:name>
			<spirit:activeInterface spirit:componentRef="axi_i2s_adi_0" spirit:busRef="M_AXIS_S2MM"/>
			<spirit:activeInterface spirit:componentRef="axi_dma_i2s" spirit:busRef="S_AXIS_S2MM"/>
		</spirit:interconnection>
		<spirit:interconnection>
			<spirit:name>axi_i2s_adi_0_S_AXI_to_axi_1_axil_s1</spirit:name>
			<spirit:activeInterface spirit:componentRef="axi_i2s_adi_0" spirit:busRef="S_AXI"/>
			<spirit:activeInterface spirit:componentRef="axi_interconnect_1" spirit:busRef="axil_s1"/>
		</spirit:interconnection>
		<spirit:interconnection>
			<spirit:name>axi_dma_i2s_M_AXI_MM2S_to_axi_0_axi_m0</spirit:name>
			<spirit:activeInterface spirit:componentRef="axi_dma_i2s" spirit:busRef="M_AXI_MM2S"/>
			<spirit:activeInterface spirit:componentRef="axi_interconnect_0" spirit:busRef="axi_m0"/>
		</spirit:interconnection>
		<spirit:interconnection>
			<spirit:name>axi_dma_i2s_S_AXI_LITE_to_axi_1_axil_s0</spirit:name>
			<spirit:activeInterface spirit:componentRef="axi_dma_i2s" spirit:busRef="S_AXI_LITE"/>
			<spirit:activeInterface spirit:componentRef="axi_interconnect_1" spirit:busRef="axil_s0"/>
		</spirit:interconnection>
		<spirit:interconnection>
			<spirit:name>ps7_system_0_S_AXI_HP1_to_axi_2_axi_s0</spirit:name>
			<spirit:activeInterface spirit:componentRef="processing_system7_0" spirit:busRef="S_AXI_HP1"/>
			<spirit:activeInterface spirit:componentRef="axi_interconnect_2" spirit:busRef="axi_s0"/>
		</spirit:interconnection>
		<spirit:interconnection>
			<spirit:name>ps7_system_0_S_AXI_HP0_to_axi_0_axi_s0</spirit:name>
			<spirit:activeInterface spirit:componentRef="processing_system7_0" spirit:busRef="S_AXI_HP0"/>
			<spirit:activeInterface spirit:componentRef="axi_interconnect_0" spirit:busRef="axi_s0"/>
		</spirit:interconnection>
		<spirit:interconnection>
			<spirit:name>ps7_system_0_M_AXI_GP0_to_axi_1_axil_m0</spirit:name>
			<spirit:activeInterface spirit:componentRef="processing_system7_0" spirit:busRef="M_AXI_GP0"/>
			<spirit:activeInterface spirit:componentRef="axi_interconnect_1" spirit:busRef="axil_m0"/>
		</spirit:interconnection>
		<spirit:interconnection>
			<spirit:name>cam_mem_0_S_AXI_to_axi_1_axil_s10</spirit:name>
			<spirit:activeInterface spirit:componentRef="cam_mem_0" spirit:busRef="S_AXI"/>
			<spirit:activeInterface spirit:componentRef="axi_interconnect_1" spirit:busRef="axil_s10"/>
		</spirit:interconnection>
		<spirit:interconnection>
			<spirit:name>axi_clkgen_S_AXI_to_axi_1_axil_s2</spirit:name>
			<spirit:activeInterface spirit:componentRef="axi_clkgen_0" spirit:busRef="S_AXI"/>
			<spirit:activeInterface spirit:componentRef="axi_interconnect_1" spirit:busRef="axil_s2"/>
		</spirit:interconnection>
		<spirit:interconnection>
			<spirit:name>axi_interconnect_0_axi_m11_to_axi_dma_spdif_M_AXI_SG</spirit:name>
			<spirit:activeInterface spirit:componentRef="axi_interconnect_0" spirit:busRef="axi_m11"/>
			<spirit:activeInterface spirit:componentRef="axi_dma_spdif" spirit:busRef="M_AXI_SG"/>
		</spirit:interconnection>
		<spirit:interconnection>
			<spirit:name>axi_dma_spdif_M_AXIS_MM2S_to_axi_spdif_tx_0_S_AXIS_MM2S</spirit:name>
			<spirit:activeInterface spirit:componentRef="axi_dma_spdif" spirit:busRef="M_AXIS_MM2S"/>
			<spirit:activeInterface spirit:componentRef="axi_spdif_tx_0" spirit:busRef="S_AXIS_MM2S"/>
		</spirit:interconnection>
	</spirit:interconnections>
	<spirit:vendorExtensions>
		<kactus2:extensions>
			<kactus2:columnLayout>
				<kactus2:column name="Components" contentType="2" allowedItems="2" minWidth="259" width="259"/>
				<kactus2:column name="Buses" contentType="2" allowedItems="2" minWidth="259" width="259"/>
				<kactus2:column name="Components" contentType="2" allowedItems="2" minWidth="259" width="259"/>
				<kactus2:column name="IO" contentType="0" allowedItems="1" minWidth="119" width="119"/>
			</kactus2:columnLayout>
			<kactus2:routes>
				<kactus2:route kactus2:connRef="axi_dma_i2s_M_AXI_S2MM_to_axi_interconnect_0_axi_m0" kactus2:offPage="false">
					<kactus2:position x="730" y="100"/>
					<kactus2:position x="750" y="100"/>
					<kactus2:position x="750" y="90"/>
					<kactus2:position x="490" y="90"/>
					<kactus2:position x="490" y="100"/>
					<kactus2:position x="470" y="100"/>
				</kactus2:route>
				<kactus2:route kactus2:connRef="axi_dma_i2s_M_AXI_SG_to_axi_interconnect_0_axi_m1" kactus2:offPage="false">
					<kactus2:position x="570" y="170"/>
					<kactus2:position x="500" y="170"/>
					<kactus2:position x="500" y="120"/>
					<kactus2:position x="470" y="120"/>
				</kactus2:route>
				<kactus2:route kactus2:connRef="axi_i2s_adi_0_S_AXIS_MM2S_to_axi_dma_i2s_M_AXIS_MM2S" kactus2:offPage="false">
					<kactus2:position x="570" y="360"/>
					<kactus2:position x="550" y="360"/>
					<kactus2:position x="550" y="240"/>
					<kactus2:position x="570" y="240"/>
				</kactus2:route>
				<kactus2:route kactus2:connRef="axi_interconnect_1_axil_s4_to_axi_iic_0_S_AXI" kactus2:offPage="false">
					<kactus2:position x="310" y="490"/>
					<kactus2:position x="230" y="490"/>
					<kactus2:position x="230" y="700"/>
					<kactus2:position x="210" y="700"/>
				</kactus2:route>
				<kactus2:route kactus2:connRef="axi_spdif_tx_0_S_AXI_to_axi_1_axil_s7" kactus2:offPage="false">
					<kactus2:position x="570" y="920"/>
					<kactus2:position x="500" y="920"/>
					<kactus2:position x="500" y="550"/>
					<kactus2:position x="470" y="550"/>
				</kactus2:route>
				<kactus2:route kactus2:connRef="axi_dma_spd_M_AXI_MM2S_to_axi_0_axi_m5" kactus2:offPage="false">
					<kactus2:position x="570" y="710"/>
					<kactus2:position x="510" y="710"/>
					<kactus2:position x="510" y="190"/>
					<kactus2:position x="470" y="190"/>
				</kactus2:route>
				<kactus2:route kactus2:connRef="axi_dma_spd_S_AXI_LITE_to_axi_1_axil_s5" kactus2:offPage="false">
					<kactus2:position x="570" y="810"/>
					<kactus2:position x="520" y="810"/>
					<kactus2:position x="520" y="490"/>
					<kactus2:position x="470" y="490"/>
				</kactus2:route>
				<kactus2:route kactus2:connRef="axi_hdmi_tx_16b_0_S_AXI_to_axi_1_axil_s3" kactus2:offPage="false">
					<kactus2:position x="570" y="450"/>
					<kactus2:position x="500" y="450"/>
					<kactus2:position x="500" y="460"/>
					<kactus2:position x="470" y="460"/>
				</kactus2:route>
				<kactus2:route kactus2:connRef="axi_vdma_0_M_AXIS_MM2S_to_axi_hdmi_tx_16b_0_M_AXIS_MM2S" kactus2:offPage="false">
					<kactus2:position x="730" y="560"/>
					<kactus2:position x="750" y="560"/>
					<kactus2:position x="750" y="450"/>
					<kactus2:position x="730" y="450"/>
				</kactus2:route>
				<kactus2:route kactus2:connRef="axi_vdma_0_M_AXI_MM2S_to_axi_2_axi_m1" kactus2:offPage="false">
					<kactus2:position x="570" y="580"/>
					<kactus2:position x="490" y="580"/>
					<kactus2:position x="490" y="680"/>
					<kactus2:position x="470" y="680"/>
				</kactus2:route>
				<kactus2:route kactus2:connRef="axi_vdma_0_S_AXI_LITE_to_axi_1_axil_s11" kactus2:offPage="false">
					<kactus2:position x="570" y="540"/>
					<kactus2:position x="490" y="540"/>
					<kactus2:position x="490" y="430"/>
					<kactus2:position x="470" y="430"/>
				</kactus2:route>
				<kactus2:route kactus2:connRef="axi_i2s_adi_0_M_AXIS_S2MM_to_axi_dma_i2s_S_AXIS_S2MM" kactus2:offPage="false">
					<kactus2:position x="730" y="330"/>
					<kactus2:position x="750" y="330"/>
					<kactus2:position x="750" y="220"/>
					<kactus2:position x="730" y="220"/>
				</kactus2:route>
				<kactus2:route kactus2:connRef="axi_i2s_adi_0_S_AXI_to_axi_1_axil_s1" kactus2:offPage="false">
					<kactus2:position x="570" y="330"/>
					<kactus2:position x="490" y="330"/>
					<kactus2:position x="490" y="400"/>
					<kactus2:position x="470" y="400"/>
				</kactus2:route>
				<kactus2:route kactus2:connRef="axi_dma_i2s_M_AXI_MM2S_to_axi_0_axi_m0" kactus2:offPage="false">
					<kactus2:position x="570" y="130"/>
					<kactus2:position x="490" y="130"/>
					<kactus2:position x="490" y="100"/>
					<kactus2:position x="470" y="100"/>
				</kactus2:route>
				<kactus2:route kactus2:connRef="axi_dma_i2s_S_AXI_LITE_to_axi_1_axil_s0" kactus2:offPage="false">
					<kactus2:position x="570" y="200"/>
					<kactus2:position x="290" y="200"/>
					<kactus2:position x="290" y="400"/>
					<kactus2:position x="310" y="400"/>
				</kactus2:route>
				<kactus2:route kactus2:connRef="ps7_system_0_S_AXI_HP1_to_axi_2_axi_s0" kactus2:offPage="false">
					<kactus2:position x="210" y="130"/>
					<kactus2:position x="260" y="130"/>
					<kactus2:position x="260" y="860"/>
					<kactus2:position x="310" y="860"/>
				</kactus2:route>
				<kactus2:route kactus2:connRef="ps7_system_0_S_AXI_HP0_to_axi_0_axi_s0" kactus2:offPage="false">
					<kactus2:position x="50" y="130"/>
					<kactus2:position x="40" y="130"/>
					<kactus2:position x="40" y="280"/>
					<kactus2:position x="310" y="280"/>
				</kactus2:route>
				<kactus2:route kactus2:connRef="ps7_system_0_M_AXI_GP0_to_axi_1_axil_m0" kactus2:offPage="false">
					<kactus2:position x="50" y="100"/>
					<kactus2:position x="30" y="100"/>
					<kactus2:position x="30" y="370"/>
					<kactus2:position x="310" y="370"/>
				</kactus2:route>
				<kactus2:route kactus2:connRef="cam_mem_0_S_AXI_to_axi_1_axil_s10" kactus2:offPage="false">
					<kactus2:position x="210" y="430"/>
					<kactus2:position x="310" y="430"/>
				</kactus2:route>
				<kactus2:route kactus2:connRef="axi_clkgen_S_AXI_to_axi_1_axil_s2" kactus2:offPage="false">
					<kactus2:position x="210" y="520"/>
					<kactus2:position x="290" y="520"/>
					<kactus2:position x="290" y="460"/>
					<kactus2:position x="310" y="460"/>
				</kactus2:route>
				<kactus2:route kactus2:connRef="axi_interconnect_0_axi_m11_to_axi_dma_spdif_M_AXI_SG" kactus2:offPage="false">
					<kactus2:position x="470" y="140"/>
					<kactus2:position x="530" y="140"/>
					<kactus2:position x="530" y="780"/>
					<kactus2:position x="570" y="780"/>
				</kactus2:route>
				<kactus2:route kactus2:connRef="axi_dma_spdif_M_AXIS_MM2S_to_axi_spdif_tx_0_S_AXIS_MM2S" kactus2:offPage="false">
					<kactus2:position x="570" y="750"/>
					<kactus2:position x="550" y="750"/>
					<kactus2:position x="550" y="900"/>
					<kactus2:position x="570" y="900"/>
				</kactus2:route>
			</kactus2:routes>
		</kactus2:extensions>
		<kactus2:adHocVisibilities/>
	</spirit:vendorExtensions>
</spirit:design>
