<?xml version="1.0" encoding="ASCII"?>
<spirit:componentType xmlns:spirit="http://www.spiritconsortium.org/XMLSchema/SPIRIT/1.5">
  <spirit:vendor>ARM</spirit:vendor>
  <spirit:library>ip</spirit:library>
  <spirit:name>axi_vdma_0</spirit:name>
  <spirit:version>1.0</spirit:version>
  <spirit:model>
    <spirit:ports>
      <spirit:port>
        <spirit:name>m_axis_mm2s_aclk</spirit:name>
      </spirit:port>
      <spirit:port>
        <spirit:name>mm2s_fsync_out</spirit:name>
      </spirit:port>
      <spirit:port>
        <spirit:name>mm2s_buffer_almost_empty</spirit:name>
      </spirit:port>
      <spirit:port>
        <spirit:name>mm2s_buffer_empty</spirit:name>
      </spirit:port>
      <spirit:port>
        <spirit:name>mm2s_fsync</spirit:name>
      </spirit:port>
      <spirit:port>
        <spirit:name>s_axi_lite_aclk</spirit:name>
      </spirit:port>
      <spirit:port>
        <spirit:name>m_axi_mm2s_aclk</spirit:name>
      </spirit:port>
      <spirit:port>
        <spirit:name>mm2s_introut</spirit:name>
      </spirit:port>
    </spirit:ports>
  </spirit:model>
  <spirit:parameters>
    <spirit:parameter>
      <spirit:name>INSTANCE</spirit:name>
      <spirit:value>axi_vdma_0</spirit:value>
    </spirit:parameter>
    <spirit:parameter>
      <spirit:name>HW_VER</spirit:name>
      <spirit:value>5.04.a</spirit:value>
    </spirit:parameter>
    <spirit:parameter>
      <spirit:name>C_USE_FSYNC</spirit:name>
      <spirit:value>1</spirit:value>
    </spirit:parameter>
    <spirit:parameter>
      <spirit:name>C_INCLUDE_S2MM</spirit:name>
      <spirit:value>0</spirit:value>
    </spirit:parameter>
    <spirit:parameter>
      <spirit:name>C_M_AXI_MM2S_DATA_WIDTH</spirit:name>
      <spirit:value>64</spirit:value>
    </spirit:parameter>
    <spirit:parameter>
      <spirit:name>C_M_AXIS_MM2S_TDATA_WIDTH</spirit:name>
      <spirit:value>64</spirit:value>
    </spirit:parameter>
    <spirit:parameter>
      <spirit:name>C_MM2S_LINEBUFFER_THRESH</spirit:name>
      <spirit:value>8</spirit:value>
    </spirit:parameter>
    <spirit:parameter>
      <spirit:name>C_BASEADDR</spirit:name>
      <spirit:value>0x43000000</spirit:value>
    </spirit:parameter>
    <spirit:parameter>
      <spirit:name>C_HIGHADDR</spirit:name>
      <spirit:value>0x4300ffff</spirit:value>
    </spirit:parameter>
  </spirit:parameters>
</spirit:componentType>
