<?xml version="1.0" encoding="ASCII"?>
<spirit:componentType xmlns:spirit="http://www.spiritconsortium.org/XMLSchema/SPIRIT/1.5">
  <spirit:vendor>ARM</spirit:vendor>
  <spirit:library>ip</spirit:library>
  <spirit:name>axi_iic_0</spirit:name>
  <spirit:version>1.0</spirit:version>
  <spirit:model>
    <spirit:ports>
      <spirit:port>
        <spirit:name>S_AXI_ACLK</spirit:name>
      </spirit:port>
      <spirit:port>
        <spirit:name>IIC2INTC_Irpt</spirit:name>
      </spirit:port>
      <spirit:port>
        <spirit:name>Sda_I</spirit:name>
      </spirit:port>
      <spirit:port>
        <spirit:name>Sda_O</spirit:name>
      </spirit:port>
      <spirit:port>
        <spirit:name>Sda_T</spirit:name>
      </spirit:port>
      <spirit:port>
        <spirit:name>Scl_I</spirit:name>
      </spirit:port>
      <spirit:port>
        <spirit:name>Scl_O</spirit:name>
      </spirit:port>
      <spirit:port>
        <spirit:name>Scl_T</spirit:name>
      </spirit:port>
    </spirit:ports>
  </spirit:model>
  <spirit:parameters>
    <spirit:parameter>
      <spirit:name>INSTANCE</spirit:name>
      <spirit:value>axi_iic_0</spirit:value>
    </spirit:parameter>
    <spirit:parameter>
      <spirit:name>HW_VER</spirit:name>
      <spirit:value>1.02.a</spirit:value>
    </spirit:parameter>
    <spirit:parameter>
      <spirit:name>C_S_AXI_ACLK_FREQ_HZ</spirit:name>
      <spirit:value>100000000</spirit:value>
    </spirit:parameter>
    <spirit:parameter>
      <spirit:name>C_BASEADDR</spirit:name>
      <spirit:value>0x41600000</spirit:value>
    </spirit:parameter>
    <spirit:parameter>
      <spirit:name>C_HIGHADDR</spirit:name>
      <spirit:value>0x4160ffff</spirit:value>
    </spirit:parameter>
  </spirit:parameters>
</spirit:componentType>
