<?xml version="1.0" encoding="ASCII"?>
<spirit:componentType xmlns:spirit="http://www.spiritconsortium.org/XMLSchema/SPIRIT/1.5">
  <spirit:vendor>ARM</spirit:vendor>
  <spirit:library>ip</spirit:library>
  <spirit:name>axi_vdma_0_0</spirit:name>
  <spirit:version>1.0</spirit:version>
  <spirit:model>
    <spirit:ports>
      <spirit:port>
        <spirit:name>VDMA1tempPort1</spirit:name>
      </spirit:port>
      <spirit:port>
        <spirit:name>VDMA1tempPort2</spirit:name>
      </spirit:port>
    </spirit:ports>
  </spirit:model>
</spirit:componentType>
