<?xml version="1.0" encoding="ASCII"?>
<spirit:componentType xmlns:spirit="http://www.spiritconsortium.org/XMLSchema/SPIRIT/1.5">
  <spirit:vendor>ARM</spirit:vendor>
  <spirit:library>ip</spirit:library>
  <spirit:name>axi_i2s_adi_0</spirit:name>
  <spirit:version>1.0</spirit:version>
  <spirit:model>
    <spirit:ports>
      <spirit:port>
        <spirit:name>DATA_CLK_I</spirit:name>
      </spirit:port>
      <spirit:port>
        <spirit:name>BCLK_O</spirit:name>
      </spirit:port>
      <spirit:port>
        <spirit:name>LRCLK_O</spirit:name>
      </spirit:port>
      <spirit:port>
        <spirit:name>SDATA_I</spirit:name>
      </spirit:port>
      <spirit:port>
        <spirit:name>SDATA_O</spirit:name>
      </spirit:port>
      <spirit:port>
        <spirit:name>ACLK</spirit:name>
      </spirit:port>
      <spirit:port>
        <spirit:name>S_AXI_ACLK</spirit:name>
      </spirit:port>
      <spirit:port>
        <spirit:name>M_AXIS_ACLK</spirit:name>
      </spirit:port>
    </spirit:ports>
  </spirit:model>
  <spirit:parameters>
    <spirit:parameter>
      <spirit:name>INSTANCE</spirit:name>
      <spirit:value>axi_i2s_adi_0</spirit:value>
    </spirit:parameter>
    <spirit:parameter>
      <spirit:name>HW_VER</spirit:name>
      <spirit:value>1.00.a</spirit:value>
    </spirit:parameter>
    <spirit:parameter>
      <spirit:name>C_BCLK_POL</spirit:name>
      <spirit:value>0</spirit:value>
    </spirit:parameter>
    <spirit:parameter>
      <spirit:name>C_LRCLK_POL</spirit:name>
      <spirit:value>0</spirit:value>
    </spirit:parameter>
    <spirit:parameter>
      <spirit:name>C_FRM_SYNC</spirit:name>
      <spirit:value>0</spirit:value>
    </spirit:parameter>
    <spirit:parameter>
      <spirit:name>C_BASEADDR</spirit:name>
      <spirit:value>0x77600000</spirit:value>
    </spirit:parameter>
    <spirit:parameter>
      <spirit:name>C_HIGHADDR</spirit:name>
      <spirit:value>0x7760ffff</spirit:value>
    </spirit:parameter>
  </spirit:parameters>
</spirit:componentType>
