<?xml version="1.0" encoding="ASCII"?>
<spirit:componentType xmlns:spirit="http://www.spiritconsortium.org/XMLSchema/SPIRIT/1.5">
  <spirit:vendor>ARM</spirit:vendor>
  <spirit:library>ip</spirit:library>
  <spirit:name>processing_system7_0</spirit:name>
  <spirit:version>1.0</spirit:version>
  <spirit:model>
    <spirit:ports>
      <spirit:port>
        <spirit:name>MIO</spirit:name>
      </spirit:port>
      <spirit:port>
        <spirit:name>PS_SRSTB</spirit:name>
      </spirit:port>
      <spirit:port>
        <spirit:name>PS_CLK</spirit:name>
      </spirit:port>
      <spirit:port>
        <spirit:name>PS_PORB</spirit:name>
      </spirit:port>
      <spirit:port>
        <spirit:name>DDR_Clk</spirit:name>
      </spirit:port>
      <spirit:port>
        <spirit:name>DDR_Clk_n</spirit:name>
      </spirit:port>
      <spirit:port>
        <spirit:name>DDR_CKE</spirit:name>
      </spirit:port>
      <spirit:port>
        <spirit:name>DDR_CS_n</spirit:name>
      </spirit:port>
      <spirit:port>
        <spirit:name>DDR_RAS_n</spirit:name>
      </spirit:port>
      <spirit:port>
        <spirit:name>DDR_CAS_n</spirit:name>
      </spirit:port>
      <spirit:port>
        <spirit:name>DDR_WEB</spirit:name>
      </spirit:port>
      <spirit:port>
        <spirit:name>DDR_BankAddr</spirit:name>
      </spirit:port>
      <spirit:port>
        <spirit:name>DDR_Addr</spirit:name>
      </spirit:port>
      <spirit:port>
        <spirit:name>DDR_ODT</spirit:name>
      </spirit:port>
      <spirit:port>
        <spirit:name>DDR_DRSTB</spirit:name>
      </spirit:port>
      <spirit:port>
        <spirit:name>DDR_DQ</spirit:name>
      </spirit:port>
      <spirit:port>
        <spirit:name>DDR_DM</spirit:name>
      </spirit:port>
      <spirit:port>
        <spirit:name>DDR_DQS</spirit:name>
      </spirit:port>
      <spirit:port>
        <spirit:name>DDR_DQS_n</spirit:name>
      </spirit:port>
      <spirit:port>
        <spirit:name>DDR_VRN</spirit:name>
      </spirit:port>
      <spirit:port>
        <spirit:name>DDR_VRP</spirit:name>
      </spirit:port>
      <spirit:port>
        <spirit:name>FCLK_CLK0</spirit:name>
      </spirit:port>
      <spirit:port>
        <spirit:name>FCLK_CLK1</spirit:name>
      </spirit:port>
      <spirit:port>
        <spirit:name>FCLK_CLK2</spirit:name>
      </spirit:port>
      <spirit:port>
        <spirit:name>FCLK_RESET0_N</spirit:name>
      </spirit:port>
      <spirit:port>
        <spirit:name>FCLK_RESET1_N</spirit:name>
      </spirit:port>
      <spirit:port>
        <spirit:name>M_AXI_GP0_ACLK</spirit:name>
      </spirit:port>
      <spirit:port>
        <spirit:name>S_AXI_HP0_ACLK</spirit:name>
      </spirit:port>
      <spirit:port>
        <spirit:name>S_AXI_HP2_ACLK</spirit:name>
      </spirit:port>
      <spirit:port>
        <spirit:name>IRQ_F2P</spirit:name>
      </spirit:port>
    </spirit:ports>
  </spirit:model>
  <spirit:parameters>
    <spirit:parameter>
      <spirit:name>INSTANCE</spirit:name>
      <spirit:value>processing_system7_0</spirit:value>
    </spirit:parameter>
    <spirit:parameter>
      <spirit:name>HW_VER</spirit:name>
      <spirit:value>3.00.a</spirit:value>
    </spirit:parameter>
    <spirit:parameter>
      <spirit:name>C_DDR_RAM_HIGHADDR</spirit:name>
      <spirit:value>0x1FFFFFFF</spirit:value>
    </spirit:parameter>
    <spirit:parameter>
      <spirit:name>C_EN_EMIO_CAN0</spirit:name>
      <spirit:value>0</spirit:value>
    </spirit:parameter>
    <spirit:parameter>
      <spirit:name>C_EN_EMIO_CAN1</spirit:name>
      <spirit:value>0</spirit:value>
    </spirit:parameter>
    <spirit:parameter>
      <spirit:name>C_EN_EMIO_ENET0</spirit:name>
      <spirit:value>0</spirit:value>
    </spirit:parameter>
    <spirit:parameter>
      <spirit:name>C_EN_EMIO_ENET1</spirit:name>
      <spirit:value>0</spirit:value>
    </spirit:parameter>
    <spirit:parameter>
      <spirit:name>C_EN_EMIO_I2C0</spirit:name>
      <spirit:value>0</spirit:value>
    </spirit:parameter>
    <spirit:parameter>
      <spirit:name>C_EN_EMIO_I2C1</spirit:name>
      <spirit:value>0</spirit:value>
    </spirit:parameter>
    <spirit:parameter>
      <spirit:name>C_EN_EMIO_PJTAG</spirit:name>
      <spirit:value>0</spirit:value>
    </spirit:parameter>
    <spirit:parameter>
      <spirit:name>C_EN_EMIO_SDIO0</spirit:name>
      <spirit:value>0</spirit:value>
    </spirit:parameter>
    <spirit:parameter>
      <spirit:name>C_EN_EMIO_SDIO1</spirit:name>
      <spirit:value>0</spirit:value>
    </spirit:parameter>
    <spirit:parameter>
      <spirit:name>C_EN_EMIO_SPI0</spirit:name>
      <spirit:value>0</spirit:value>
    </spirit:parameter>
    <spirit:parameter>
      <spirit:name>C_EN_EMIO_SPI1</spirit:name>
      <spirit:value>0</spirit:value>
    </spirit:parameter>
    <spirit:parameter>
      <spirit:name>C_EN_EMIO_SRAM_INT</spirit:name>
      <spirit:value>0</spirit:value>
    </spirit:parameter>
    <spirit:parameter>
      <spirit:name>C_EN_EMIO_TRACE</spirit:name>
      <spirit:value>0</spirit:value>
    </spirit:parameter>
    <spirit:parameter>
      <spirit:name>C_EN_EMIO_TTC0</spirit:name>
      <spirit:value>1</spirit:value>
    </spirit:parameter>
    <spirit:parameter>
      <spirit:name>C_EN_EMIO_TTC1</spirit:name>
      <spirit:value>0</spirit:value>
    </spirit:parameter>
    <spirit:parameter>
      <spirit:name>C_EN_EMIO_UART0</spirit:name>
      <spirit:value>0</spirit:value>
    </spirit:parameter>
    <spirit:parameter>
      <spirit:name>C_EN_EMIO_UART1</spirit:name>
      <spirit:value>0</spirit:value>
    </spirit:parameter>
    <spirit:parameter>
      <spirit:name>C_EN_EMIO_MODEM_UART0</spirit:name>
      <spirit:value>0</spirit:value>
    </spirit:parameter>
    <spirit:parameter>
      <spirit:name>C_EN_EMIO_MODEM_UART1</spirit:name>
      <spirit:value>0</spirit:value>
    </spirit:parameter>
    <spirit:parameter>
      <spirit:name>C_EN_EMIO_USB0</spirit:name>
      <spirit:value>0</spirit:value>
    </spirit:parameter>
    <spirit:parameter>
      <spirit:name>C_EN_EMIO_USB1</spirit:name>
      <spirit:value>0</spirit:value>
    </spirit:parameter>
    <spirit:parameter>
      <spirit:name>C_EN_EMIO_WDT</spirit:name>
      <spirit:value>0</spirit:value>
    </spirit:parameter>
    <spirit:parameter>
      <spirit:name>C_EN_QSPI</spirit:name>
      <spirit:value>1</spirit:value>
    </spirit:parameter>
    <spirit:parameter>
      <spirit:name>C_EN_SMC</spirit:name>
      <spirit:value>0</spirit:value>
    </spirit:parameter>
    <spirit:parameter>
      <spirit:name>C_EN_CAN0</spirit:name>
      <spirit:value>0</spirit:value>
    </spirit:parameter>
    <spirit:parameter>
      <spirit:name>C_EN_CAN1</spirit:name>
      <spirit:value>0</spirit:value>
    </spirit:parameter>
    <spirit:parameter>
      <spirit:name>C_EN_ENET0</spirit:name>
      <spirit:value>1</spirit:value>
    </spirit:parameter>
    <spirit:parameter>
      <spirit:name>C_EN_ENET1</spirit:name>
      <spirit:value>0</spirit:value>
    </spirit:parameter>
    <spirit:parameter>
      <spirit:name>C_EN_I2C0</spirit:name>
      <spirit:value>1</spirit:value>
    </spirit:parameter>
    <spirit:parameter>
      <spirit:name>C_EN_I2C1</spirit:name>
      <spirit:value>0</spirit:value>
    </spirit:parameter>
    <spirit:parameter>
      <spirit:name>C_EN_PJTAG</spirit:name>
      <spirit:value>1</spirit:value>
    </spirit:parameter>
    <spirit:parameter>
      <spirit:name>C_EN_SDIO0</spirit:name>
      <spirit:value>1</spirit:value>
    </spirit:parameter>
    <spirit:parameter>
      <spirit:name>C_EN_SDIO1</spirit:name>
      <spirit:value>0</spirit:value>
    </spirit:parameter>
    <spirit:parameter>
      <spirit:name>C_EN_SPI0</spirit:name>
      <spirit:value>0</spirit:value>
    </spirit:parameter>
    <spirit:parameter>
      <spirit:name>C_EN_SPI1</spirit:name>
      <spirit:value>0</spirit:value>
    </spirit:parameter>
    <spirit:parameter>
      <spirit:name>C_EN_TRACE</spirit:name>
      <spirit:value>0</spirit:value>
    </spirit:parameter>
    <spirit:parameter>
      <spirit:name>C_EN_TTC0</spirit:name>
      <spirit:value>1</spirit:value>
    </spirit:parameter>
    <spirit:parameter>
      <spirit:name>C_EN_TTC1</spirit:name>
      <spirit:value>0</spirit:value>
    </spirit:parameter>
    <spirit:parameter>
      <spirit:name>C_EN_UART0</spirit:name>
      <spirit:value>0</spirit:value>
    </spirit:parameter>
    <spirit:parameter>
      <spirit:name>C_EN_UART1</spirit:name>
      <spirit:value>1</spirit:value>
    </spirit:parameter>
    <spirit:parameter>
      <spirit:name>C_EN_MODEM_UART0</spirit:name>
      <spirit:value>0</spirit:value>
    </spirit:parameter>
    <spirit:parameter>
      <spirit:name>C_EN_MODEM_UART1</spirit:name>
      <spirit:value>0</spirit:value>
    </spirit:parameter>
    <spirit:parameter>
      <spirit:name>C_EN_USB0</spirit:name>
      <spirit:value>1</spirit:value>
    </spirit:parameter>
    <spirit:parameter>
      <spirit:name>C_EN_USB1</spirit:name>
      <spirit:value>0</spirit:value>
    </spirit:parameter>
    <spirit:parameter>
      <spirit:name>C_EN_WDT</spirit:name>
      <spirit:value>0</spirit:value>
    </spirit:parameter>
    <spirit:parameter>
      <spirit:name>C_EN_DDR</spirit:name>
      <spirit:value>1</spirit:value>
    </spirit:parameter>
    <spirit:parameter>
      <spirit:name>C_FCLK_CLK0_FREQ</spirit:name>
      <spirit:value>100000000</spirit:value>
    </spirit:parameter>
    <spirit:parameter>
      <spirit:name>C_FCLK_CLK1_FREQ</spirit:name>
      <spirit:value>200000000</spirit:value>
    </spirit:parameter>
    <spirit:parameter>
      <spirit:name>C_FCLK_CLK2_FREQ</spirit:name>
      <spirit:value>200000000</spirit:value>
    </spirit:parameter>
    <spirit:parameter>
      <spirit:name>C_FCLK_CLK3_FREQ</spirit:name>
      <spirit:value>76923080</spirit:value>
    </spirit:parameter>
    <spirit:parameter>
      <spirit:name>C_USE_M_AXI_GP0</spirit:name>
      <spirit:value>1</spirit:value>
    </spirit:parameter>
    <spirit:parameter>
      <spirit:name>C_USE_S_AXI_HP0</spirit:name>
      <spirit:value>1</spirit:value>
    </spirit:parameter>
    <spirit:parameter>
      <spirit:name>C_USE_S_AXI_HP2</spirit:name>
      <spirit:value>1</spirit:value>
    </spirit:parameter>
    <spirit:parameter>
      <spirit:name>C_INTERCONNECT_S_AXI_HP0_MASTERS</spirit:name>
      <spirit:value>axi_vdma_0.M_AXI_MM2S</spirit:value>
    </spirit:parameter>
    <spirit:parameter>
      <spirit:name>C_INTERCONNECT_S_AXI_HP2_MASTERS</spirit:name>
      <spirit:value>axi_dma_i2s.M_AXI_MM2S  axi_dma_i2s.M_AXI_SG  axi_dma_i2s.M_AXI_S2MM</spirit:value>
    </spirit:parameter>
    <spirit:parameter>
      <spirit:name>C_EN_GPIO</spirit:name>
      <spirit:value>1</spirit:value>
    </spirit:parameter>
    <spirit:parameter>
      <spirit:name>C_EMIO_GPIO_WIDTH</spirit:name>
      <spirit:value>64</spirit:value>
    </spirit:parameter>
  </spirit:parameters>
</spirit:componentType>
