<?xml version="1.0" encoding="ASCII"?>
<spirit:componentType xmlns:spirit="http://www.spiritconsortium.org/XMLSchema/SPIRIT/1.5">
  <spirit:vendor>ARM</spirit:vendor>
  <spirit:library>ip</spirit:library>
  <spirit:name>ps7_system_0</spirit:name>
  <spirit:version>1.0</spirit:version>
  <spirit:model>
    <spirit:ports>
      <spirit:port>
        <spirit:name>CPUtempPort1</spirit:name>
      </spirit:port>
      <spirit:port>
        <spirit:name>CPUtempPort2</spirit:name>
      </spirit:port>
      <spirit:port>
        <spirit:name>CPUtempPort3</spirit:name>
      </spirit:port>
      <spirit:port>
        <spirit:name>CPUtempPort4</spirit:name>
      </spirit:port>
    </spirit:ports>
  </spirit:model>
  <spirit:parameters>
    <spirit:parameter>
      <spirit:name>CPUpara1</spirit:name>
      <spirit:value>0xFFFFFFFF</spirit:value>
    </spirit:parameter>
    <spirit:parameter>
      <spirit:name>CPUpara2</spirit:name>
      <spirit:value>0x22222222</spirit:value>
    </spirit:parameter>
    <spirit:parameter>
      <spirit:name>CPUpara1</spirit:name>
      <spirit:value>0xFFFFFFFF</spirit:value>
    </spirit:parameter>
    <spirit:parameter>
      <spirit:name>CPUpara2</spirit:name>
      <spirit:value>0x22222222</spirit:value>
    </spirit:parameter>
  </spirit:parameters>
</spirit:componentType>
