<?xml version="1.0" encoding="ASCII"?>
<spirit:design_._type xmlns:spirit="http://www.spiritconsortium.org/XMLSchema/SPIRIT/1.5">
  <spirit:vendor>ARM</spirit:vendor>
  <spirit:library>design</spirit:library>
  <spirit:name>System.design.final</spirit:name>
  <spirit:version>1.0</spirit:version>
  <spirit:componentInstances>
    <spirit:componentInstance>
      <spirit:instanceName>axi_i2s_adi_0</spirit:instanceName>
      <spirit:displayName></spirit:displayName>
      <spirit:description></spirit:description>
      <spirit:componentRef spirit:library="ip" spirit:name="axi_i2s_adi" spirit:vendor="ARM" spirit:version="1.0"/>
    </spirit:componentInstance>
    <spirit:componentInstance>
      <spirit:instanceName>axi_dma_i2s</spirit:instanceName>
      <spirit:displayName></spirit:displayName>
      <spirit:description></spirit:description>
      <spirit:componentRef spirit:library="ip" spirit:name="axi_dma" spirit:vendor="ARM" spirit:version="1.0"/>
    </spirit:componentInstance>
    <spirit:componentInstance>
      <spirit:instanceName>axi_vdma_0</spirit:instanceName>
      <spirit:displayName></spirit:displayName>
      <spirit:description></spirit:description>
      <spirit:componentRef spirit:library="ip" spirit:name="axi_vdma" spirit:vendor="ARM" spirit:version="1.0"/>
    </spirit:componentInstance>
    <spirit:componentInstance>
      <spirit:instanceName>axi_hdmi_tx_16b_0</spirit:instanceName>
      <spirit:displayName></spirit:displayName>
      <spirit:description></spirit:description>
      <spirit:componentRef spirit:library="ip" spirit:name="axi_hdmi_tx_16b" spirit:vendor="ARM" spirit:version="1.0"/>
    </spirit:componentInstance>
    <spirit:componentInstance>
      <spirit:instanceName>axi_dma_spd</spirit:instanceName>
      <spirit:displayName></spirit:displayName>
      <spirit:description></spirit:description>
      <spirit:componentRef spirit:library="ip" spirit:name="axi_dma" spirit:vendor="ARM" spirit:version="1.0"/>
    </spirit:componentInstance>
    <spirit:componentInstance>
      <spirit:instanceName>axi_spdif_tx</spirit:instanceName>
      <spirit:displayName></spirit:displayName>
      <spirit:description></spirit:description>
      <spirit:componentRef spirit:library="ip" spirit:name="axi_spdif_tx" spirit:vendor="ARM" spirit:version="1.0"/>
    </spirit:componentInstance>
    <spirit:componentInstance>
      <spirit:instanceName>axi_iic_0</spirit:instanceName>
      <spirit:displayName></spirit:displayName>
      <spirit:description></spirit:description>
      <spirit:componentRef spirit:library="ip" spirit:name="axi_iic" spirit:vendor="ARM" spirit:version="1.0"/>
    </spirit:componentInstance>
    <spirit:componentInstance>
      <spirit:instanceName>axi_interconnect_1</spirit:instanceName>
      <spirit:displayName></spirit:displayName>
      <spirit:description></spirit:description>
      <spirit:componentRef spirit:library="bus" spirit:name="AXILITEBUS" spirit:vendor="ARM" spirit:version="1.0"/>
    </spirit:componentInstance>
    <spirit:componentInstance>
      <spirit:instanceName>axi_interconnect_0</spirit:instanceName>
      <spirit:displayName></spirit:displayName>
      <spirit:description></spirit:description>
      <spirit:componentRef spirit:library="bus" spirit:name="AXIBUS" spirit:vendor="ARM" spirit:version="1.0"/>
    </spirit:componentInstance>
    <spirit:componentInstance>
      <spirit:instanceName>axi_interconnect_2</spirit:instanceName>
      <spirit:displayName></spirit:displayName>
      <spirit:description></spirit:description>
      <spirit:componentRef spirit:library="bus" spirit:name="AXIBUS" spirit:vendor="ARM" spirit:version="1.0"/>
    </spirit:componentInstance>
    <spirit:componentInstance>
      <spirit:instanceName>processing_system7_0</spirit:instanceName>
      <spirit:displayName></spirit:displayName>
      <spirit:description></spirit:description>
      <spirit:componentRef spirit:library="ip" spirit:name="processing_system7" spirit:vendor="ARM" spirit:version="1.0"/>
    </spirit:componentInstance>
    <spirit:componentInstance>
      <spirit:instanceName>util_vector_logic_0</spirit:instanceName>
      <spirit:displayName></spirit:displayName>
      <spirit:description></spirit:description>
      <spirit:componentRef spirit:library="ip" spirit:name="util_vector_logic" spirit:vendor="ARM" spirit:version="1.0"/>
    </spirit:componentInstance>
    <spirit:componentInstance>
      <spirit:instanceName>camera_interface_0</spirit:instanceName>
      <spirit:displayName></spirit:displayName>
      <spirit:description></spirit:description>
      <spirit:componentRef spirit:library="ip" spirit:name="cam_interface" spirit:vendor="ARM" spirit:version="1.0"/>
    </spirit:componentInstance>
    <spirit:componentInstance>
      <spirit:instanceName>axi_clkgen_0</spirit:instanceName>
      <spirit:displayName></spirit:displayName>
      <spirit:description></spirit:description>
      <spirit:componentRef spirit:library="ip" spirit:name="axi_clkgen" spirit:vendor="ARM" spirit:version="1.0"/>
    </spirit:componentInstance>
    <spirit:componentInstance>
      <spirit:instanceName>clock_generator_0</spirit:instanceName>
      <spirit:displayName></spirit:displayName>
      <spirit:description></spirit:description>
      <spirit:componentRef spirit:library="ip" spirit:name="clock_generator" spirit:vendor="ARM" spirit:version="1.0"/>
    </spirit:componentInstance>
    <spirit:componentInstance>
      <spirit:instanceName>axi_vdma_1</spirit:instanceName>
      <spirit:displayName></spirit:displayName>
      <spirit:description></spirit:description>
      <spirit:componentRef spirit:library="ip" spirit:name="axi_vdma" spirit:vendor="ARM" spirit:version="1.0"/>
    </spirit:componentInstance>
    <spirit:componentInstance>
      <spirit:instanceName>gray_scale_top_0</spirit:instanceName>
      <spirit:displayName></spirit:displayName>
      <spirit:description></spirit:description>
      <spirit:componentRef spirit:library="ip" spirit:name="gray_scale_top" spirit:vendor="ARM" spirit:version="1.0"/>
    </spirit:componentInstance>
  </spirit:componentInstances>
  <spirit:interconnections>
    <spirit:interconnection>
      <spirit:name>axi_i2s_adi_0_M_AXIS_S2MM__To__axi_dma_i2s_S_AXIS_S2MM</spirit:name>
      <spirit:displayName></spirit:displayName>
      <spirit:description></spirit:description>
      <spirit:activeInterface spirit:busRef="M_AXIS_S2MM" spirit:componentRef="axi_i2s_adi_0"/>
      <spirit:activeInterface spirit:busRef="S_AXIS_S2MM" spirit:componentRef="axi_dma_i2s"/>
    </spirit:interconnection>
    <spirit:interconnection>
      <spirit:name>axi_dma_i2s_M_AXI_MM2S__To__axi_interconnect_0_axi_m0</spirit:name>
      <spirit:displayName></spirit:displayName>
      <spirit:description></spirit:description>
      <spirit:activeInterface spirit:busRef="M_AXI_MM2S" spirit:componentRef="axi_dma_i2s"/>
      <spirit:activeInterface spirit:busRef="axi_m0" spirit:componentRef="axi_interconnect_0"/>
    </spirit:interconnection>
    <spirit:interconnection>
      <spirit:name>axi_vdma_0_M_AXIS_MM2S__To__axi_hdmi_tx_16b_0_M_AXIS_MM2S</spirit:name>
      <spirit:displayName></spirit:displayName>
      <spirit:description></spirit:description>
      <spirit:activeInterface spirit:busRef="M_AXIS_MM2S" spirit:componentRef="axi_vdma_0"/>
      <spirit:activeInterface spirit:busRef="M_AXIS_MM2S" spirit:componentRef="axi_hdmi_tx_16b_0"/>
    </spirit:interconnection>
    <spirit:interconnection>
      <spirit:name>axi_vdma_0_M_AXI_MM2S__To__axi_interconnect_2_axi_m1</spirit:name>
      <spirit:displayName></spirit:displayName>
      <spirit:description></spirit:description>
      <spirit:activeInterface spirit:busRef="M_AXI_MM2S" spirit:componentRef="axi_vdma_0"/>
      <spirit:activeInterface spirit:busRef="axi_m1" spirit:componentRef="axi_interconnect_2"/>
    </spirit:interconnection>
    <spirit:interconnection>
      <spirit:name>axi_dma_spd_M_AXI_MM2S__To__axi_interconnect_0_axi_m5</spirit:name>
      <spirit:displayName></spirit:displayName>
      <spirit:description></spirit:description>
      <spirit:activeInterface spirit:busRef="M_AXI_MM2S" spirit:componentRef="axi_dma_spd"/>
      <spirit:activeInterface spirit:busRef="axi_m5" spirit:componentRef="axi_interconnect_0"/>
    </spirit:interconnection>
    <spirit:interconnection>
      <spirit:name>axi_interconnect_1_axil_s0__To__axi_dma_i2s_S_AXI_LITE</spirit:name>
      <spirit:displayName></spirit:displayName>
      <spirit:description></spirit:description>
      <spirit:activeInterface spirit:busRef="axil_s0" spirit:componentRef="axi_interconnect_1"/>
      <spirit:activeInterface spirit:busRef="S_AXI_LITE" spirit:componentRef="axi_dma_i2s"/>
    </spirit:interconnection>
    <spirit:interconnection>
      <spirit:name>axi_interconnect_1_axil_s1__To__axi_i2s_adi_0_S_AXI</spirit:name>
      <spirit:displayName></spirit:displayName>
      <spirit:description></spirit:description>
      <spirit:activeInterface spirit:busRef="axil_s1" spirit:componentRef="axi_interconnect_1"/>
      <spirit:activeInterface spirit:busRef="S_AXI" spirit:componentRef="axi_i2s_adi_0"/>
    </spirit:interconnection>
    <spirit:interconnection>
      <spirit:name>axi_interconnect_1_axil_s10__To__camera_interface_0_S_AXI</spirit:name>
      <spirit:displayName></spirit:displayName>
      <spirit:description></spirit:description>
      <spirit:activeInterface spirit:busRef="axil_s10" spirit:componentRef="axi_interconnect_1"/>
      <spirit:activeInterface spirit:busRef="S_AXI" spirit:componentRef="camera_interface_0"/>
    </spirit:interconnection>
    <spirit:interconnection>
      <spirit:name>axi_interconnect_1_axil_s11__To__axi_vdma_0_S_AXI_LITE</spirit:name>
      <spirit:displayName></spirit:displayName>
      <spirit:description></spirit:description>
      <spirit:activeInterface spirit:busRef="axil_s11" spirit:componentRef="axi_interconnect_1"/>
      <spirit:activeInterface spirit:busRef="S_AXI_LITE" spirit:componentRef="axi_vdma_0"/>
    </spirit:interconnection>
    <spirit:interconnection>
      <spirit:name>axi_interconnect_1_axil_s2__To__axi_clkgen_0_S_AXI</spirit:name>
      <spirit:displayName></spirit:displayName>
      <spirit:description></spirit:description>
      <spirit:activeInterface spirit:busRef="axil_s2" spirit:componentRef="axi_interconnect_1"/>
      <spirit:activeInterface spirit:busRef="S_AXI" spirit:componentRef="axi_clkgen_0"/>
    </spirit:interconnection>
    <spirit:interconnection>
      <spirit:name>axi_interconnect_1_axil_s3__To__axi_hdmi_tx_16b_0_S_AXI</spirit:name>
      <spirit:displayName></spirit:displayName>
      <spirit:description></spirit:description>
      <spirit:activeInterface spirit:busRef="axil_s3" spirit:componentRef="axi_interconnect_1"/>
      <spirit:activeInterface spirit:busRef="S_AXI" spirit:componentRef="axi_hdmi_tx_16b_0"/>
    </spirit:interconnection>
    <spirit:interconnection>
      <spirit:name>axi_interconnect_1_axil_s4__To__clock_generator_0_S_AXI</spirit:name>
      <spirit:displayName></spirit:displayName>
      <spirit:description></spirit:description>
      <spirit:activeInterface spirit:busRef="axil_s4" spirit:componentRef="axi_interconnect_1"/>
      <spirit:activeInterface spirit:busRef="S_AXI" spirit:componentRef="clock_generator_0"/>
    </spirit:interconnection>
    <spirit:interconnection>
      <spirit:name>axi_interconnect_1_axil_s5__To__axi_dma_spd_S_AXI_LITE</spirit:name>
      <spirit:displayName></spirit:displayName>
      <spirit:description></spirit:description>
      <spirit:activeInterface spirit:busRef="axil_s5" spirit:componentRef="axi_interconnect_1"/>
      <spirit:activeInterface spirit:busRef="S_AXI_LITE" spirit:componentRef="axi_dma_spd"/>
    </spirit:interconnection>
    <spirit:interconnection>
      <spirit:name>axi_interconnect_1_axil_s6__To__axi_vdma_1_S_AXI_LITE</spirit:name>
      <spirit:displayName></spirit:displayName>
      <spirit:description></spirit:description>
      <spirit:activeInterface spirit:busRef="axil_s6" spirit:componentRef="axi_interconnect_1"/>
      <spirit:activeInterface spirit:busRef="S_AXI_LITE" spirit:componentRef="axi_vdma_1"/>
    </spirit:interconnection>
    <spirit:interconnection>
      <spirit:name>axi_interconnect_1_axil_s7__To__axi_spdif_tx_S_AXI</spirit:name>
      <spirit:displayName></spirit:displayName>
      <spirit:description></spirit:description>
      <spirit:activeInterface spirit:busRef="axil_s7" spirit:componentRef="axi_interconnect_1"/>
      <spirit:activeInterface spirit:busRef="S_AXI" spirit:componentRef="axi_spdif_tx"/>
    </spirit:interconnection>
    <spirit:interconnection>
      <spirit:name>axi_interconnect_1_axil_s8__To__gray_scale_top_0_S_AXI_CONTROL_BUS</spirit:name>
      <spirit:displayName></spirit:displayName>
      <spirit:description></spirit:description>
      <spirit:activeInterface spirit:busRef="axil_s8" spirit:componentRef="axi_interconnect_1"/>
      <spirit:activeInterface spirit:busRef="S_AXI_CONTROL_BUS" spirit:componentRef="gray_scale_top_0"/>
    </spirit:interconnection>
    <spirit:interconnection>
      <spirit:name>axi_interconnect_1_axil_s9__To__axi_iic_0_S_AXI</spirit:name>
      <spirit:displayName></spirit:displayName>
      <spirit:description></spirit:description>
      <spirit:activeInterface spirit:busRef="axil_s9" spirit:componentRef="axi_interconnect_1"/>
      <spirit:activeInterface spirit:busRef="S_AXI" spirit:componentRef="axi_iic_0"/>
    </spirit:interconnection>
    <spirit:interconnection>
      <spirit:name>axi_interconnect_0_axi_s0__To__processing_system7_0_S_AXI_HP0</spirit:name>
      <spirit:displayName></spirit:displayName>
      <spirit:description></spirit:description>
      <spirit:activeInterface spirit:busRef="axi_s0" spirit:componentRef="axi_interconnect_0"/>
      <spirit:activeInterface spirit:busRef="S_AXI_HP0" spirit:componentRef="processing_system7_0"/>
    </spirit:interconnection>
    <spirit:interconnection>
      <spirit:name>axi_interconnect_2_axi_s0__To__processing_system7_0_S_AXI_HP1</spirit:name>
      <spirit:displayName></spirit:displayName>
      <spirit:description></spirit:description>
      <spirit:activeInterface spirit:busRef="axi_s0" spirit:componentRef="axi_interconnect_2"/>
      <spirit:activeInterface spirit:busRef="S_AXI_HP1" spirit:componentRef="processing_system7_0"/>
    </spirit:interconnection>
    <spirit:interconnection>
      <spirit:name>processing_system7_0_M_AXI_GP0__To__axi_interconnect_1_axil_m0</spirit:name>
      <spirit:displayName></spirit:displayName>
      <spirit:description></spirit:description>
      <spirit:activeInterface spirit:busRef="M_AXI_GP0" spirit:componentRef="processing_system7_0"/>
      <spirit:activeInterface spirit:busRef="axil_m0" spirit:componentRef="axi_interconnect_1"/>
    </spirit:interconnection>
    <spirit:interconnection>
      <spirit:name>axi_vdma_1_M_AXIS_MM2S__To__gray_scale_top_0_INPUT_STREAM</spirit:name>
      <spirit:displayName></spirit:displayName>
      <spirit:description></spirit:description>
      <spirit:activeInterface spirit:busRef="M_AXIS_MM2S" spirit:componentRef="axi_vdma_1"/>
      <spirit:activeInterface spirit:busRef="INPUT_STREAM" spirit:componentRef="gray_scale_top_0"/>
    </spirit:interconnection>
    <spirit:interconnection>
      <spirit:name>gray_scale_top_0_OUTPUT_STREAM__To__axi_vdma_1_S_AXIS_S2MM</spirit:name>
      <spirit:displayName></spirit:displayName>
      <spirit:description></spirit:description>
      <spirit:activeInterface spirit:busRef="OUTPUT_STREAM" spirit:componentRef="gray_scale_top_0"/>
      <spirit:activeInterface spirit:busRef="S_AXIS_S2MM" spirit:componentRef="axi_vdma_1"/>
    </spirit:interconnection>
  </spirit:interconnections>
  <spirit:adHocConnections>
    <spirit:adHocConnection>
      <spirit:name>util_i2c_mixer_0_downstream_sda</spirit:name>
      <spirit:internalPortReference spirit:componentRef="util_i2c_mixer_0" spirit:left="0" spirit:portRef="downstream_sda" spirit:right="0"/>
      <spirit:internalPortReference spirit:componentRef="" spirit:left="0" spirit:portRef="util_i2c_mixer_0_downstream_sda_pin" spirit:right="0"/>
    </spirit:adHocConnection>
    <spirit:adHocConnection>
      <spirit:name>axi_iic_0_Sda_O</spirit:name>
      <spirit:internalPortReference spirit:componentRef="axi_iic_0" spirit:left="0" spirit:portRef="Sda_O" spirit:right="0"/>
      <spirit:internalPortReference spirit:componentRef="util_i2c_mixer_0" spirit:left="0" spirit:portRef="upstream_sda_I" spirit:right="0"/>
    </spirit:adHocConnection>
    <spirit:adHocConnection>
      <spirit:name>processing_system7_0_IRQ_F2P</spirit:name>
      <spirit:internalPortReference spirit:componentRef="processing_system7_0" spirit:left="0" spirit:portRef="IRQ_F2P" spirit:right="0"/>
      <spirit:internalPortReference spirit:componentRef="cam_interface_0" spirit:left="0" spirit:portRef="href_negedge" spirit:right="0"/>
    </spirit:adHocConnection>
    <spirit:adHocConnection>
      <spirit:name>processing_system7_0_IRQ_F2P</spirit:name>
      <spirit:internalPortReference spirit:componentRef="processing_system7_0" spirit:left="0" spirit:portRef="IRQ_F2P" spirit:right="0"/>
      <spirit:internalPortReference spirit:componentRef="axi_dma_i2s" spirit:left="0" spirit:portRef="mm2s_introut" spirit:right="0"/>
    </spirit:adHocConnection>
    <spirit:adHocConnection>
      <spirit:name>processing_system7_0_DDR_CKE</spirit:name>
      <spirit:internalPortReference spirit:componentRef="processing_system7_0" spirit:left="0" spirit:portRef="DDR_CKE" spirit:right="0"/>
      <spirit:internalPortReference spirit:componentRef="" spirit:left="0" spirit:portRef="processing_system7_0_DDR_CKE" spirit:right="0"/>
    </spirit:adHocConnection>
    <spirit:adHocConnection>
      <spirit:name>util_i2c_mixer_0_downstream_scl</spirit:name>
      <spirit:internalPortReference spirit:componentRef="util_i2c_mixer_0" spirit:left="0" spirit:portRef="downstream_scl" spirit:right="0"/>
      <spirit:internalPortReference spirit:componentRef="" spirit:left="0" spirit:portRef="util_i2c_mixer_0_downstream_scl_pin" spirit:right="0"/>
    </spirit:adHocConnection>
    <spirit:adHocConnection>
      <spirit:name>axi_iic_0_Sda_I</spirit:name>
      <spirit:internalPortReference spirit:componentRef="axi_iic_0" spirit:left="0" spirit:portRef="Sda_I" spirit:right="0"/>
      <spirit:internalPortReference spirit:componentRef="util_i2c_mixer_0" spirit:left="0" spirit:portRef="upstream_sda_O" spirit:right="0"/>
    </spirit:adHocConnection>
    <spirit:adHocConnection>
      <spirit:name>cam_interface_0_OV7670_D</spirit:name>
      <spirit:internalPortReference spirit:componentRef="cam_interface_0" spirit:left="0" spirit:portRef="OV7670_D" spirit:right="0"/>
      <spirit:internalPortReference spirit:componentRef="" spirit:left="0" spirit:portRef="cam_interface_0_OV7670_D_pin" spirit:right="0"/>
    </spirit:adHocConnection>
    <spirit:adHocConnection>
      <spirit:name>axi_iic_0_Sda_T</spirit:name>
      <spirit:internalPortReference spirit:componentRef="axi_iic_0" spirit:left="0" spirit:portRef="Sda_T" spirit:right="0"/>
      <spirit:internalPortReference spirit:componentRef="util_i2c_mixer_0" spirit:left="0" spirit:portRef="upstream_sda_T" spirit:right="0"/>
    </spirit:adHocConnection>
    <spirit:adHocConnection>
      <spirit:name>axi_i2s_adi_0_SDATA_I</spirit:name>
      <spirit:internalPortReference spirit:componentRef="axi_i2s_adi_0" spirit:left="0" spirit:portRef="SDATA_I" spirit:right="0"/>
      <spirit:internalPortReference spirit:componentRef="" spirit:left="0" spirit:portRef="axi_i2s_adi_0_SDATA_I_pin" spirit:right="0"/>
    </spirit:adHocConnection>
    <spirit:adHocConnection>
      <spirit:name>processing_system7_0_IRQ_F2P</spirit:name>
      <spirit:internalPortReference spirit:componentRef="processing_system7_0" spirit:left="0" spirit:portRef="IRQ_F2P" spirit:right="0"/>
      <spirit:internalPortReference spirit:componentRef="cam_interface_0" spirit:left="0" spirit:portRef="vsync_negedge" spirit:right="0"/>
    </spirit:adHocConnection>
    <spirit:adHocConnection>
      <spirit:name>processing_system7_0_IRQ_F2P</spirit:name>
      <spirit:internalPortReference spirit:componentRef="processing_system7_0" spirit:left="0" spirit:portRef="IRQ_F2P" spirit:right="0"/>
      <spirit:internalPortReference spirit:componentRef="cam_interface_0" spirit:left="0" spirit:portRef="href_posedge" spirit:right="0"/>
    </spirit:adHocConnection>
    <spirit:adHocConnection>
      <spirit:name>processing_system7_0_DDR_RAS_n</spirit:name>
      <spirit:internalPortReference spirit:componentRef="processing_system7_0" spirit:left="0" spirit:portRef="DDR_RAS_n" spirit:right="0"/>
      <spirit:internalPortReference spirit:componentRef="" spirit:left="0" spirit:portRef="processing_system7_0_DDR_RAS_n" spirit:right="0"/>
    </spirit:adHocConnection>
    <spirit:adHocConnection>
      <spirit:name>processing_system7_0_DDR_DQS_n</spirit:name>
      <spirit:internalPortReference spirit:componentRef="processing_system7_0" spirit:left="0" spirit:portRef="DDR_DQS_n" spirit:right="0"/>
      <spirit:internalPortReference spirit:componentRef="" spirit:left="0" spirit:portRef="processing_system7_0_DDR_DQS_n" spirit:right="0"/>
    </spirit:adHocConnection>
    <spirit:adHocConnection>
      <spirit:name>processing_system7_0_DDR_VRN</spirit:name>
      <spirit:internalPortReference spirit:componentRef="processing_system7_0" spirit:left="0" spirit:portRef="DDR_VRN" spirit:right="0"/>
      <spirit:internalPortReference spirit:componentRef="" spirit:left="0" spirit:portRef="processing_system7_0_DDR_VRN" spirit:right="0"/>
    </spirit:adHocConnection>
    <spirit:adHocConnection>
      <spirit:name>axi_i2s_adi_0_SDATA_O</spirit:name>
      <spirit:internalPortReference spirit:componentRef="axi_i2s_adi_0" spirit:left="0" spirit:portRef="SDATA_O" spirit:right="0"/>
      <spirit:internalPortReference spirit:componentRef="" spirit:left="0" spirit:portRef="axi_i2s_adi_0_SDATA_O_pin" spirit:right="0"/>
    </spirit:adHocConnection>
    <spirit:adHocConnection>
      <spirit:name>clock_generator_0_RST</spirit:name>
      <spirit:internalPortReference spirit:componentRef="clock_generator_0" spirit:left="0" spirit:portRef="RST" spirit:right="0"/>
    </spirit:adHocConnection>
    <spirit:adHocConnection>
      <spirit:name>processing_system7_0_DDR_VRP</spirit:name>
      <spirit:internalPortReference spirit:componentRef="processing_system7_0" spirit:left="0" spirit:portRef="DDR_VRP" spirit:right="0"/>
      <spirit:internalPortReference spirit:componentRef="" spirit:left="0" spirit:portRef="processing_system7_0_DDR_VRP" spirit:right="0"/>
    </spirit:adHocConnection>
    <spirit:adHocConnection>
      <spirit:name>processing_system7_0_DDR_Clk</spirit:name>
      <spirit:internalPortReference spirit:componentRef="processing_system7_0" spirit:left="0" spirit:portRef="DDR_Clk" spirit:right="0"/>
      <spirit:internalPortReference spirit:componentRef="" spirit:left="0" spirit:portRef="processing_system7_0_DDR_Clk" spirit:right="0"/>
    </spirit:adHocConnection>
    <spirit:adHocConnection>
      <spirit:name>processing_system7_0_IRQ_F2P</spirit:name>
      <spirit:internalPortReference spirit:componentRef="processing_system7_0" spirit:left="0" spirit:portRef="IRQ_F2P" spirit:right="0"/>
      <spirit:internalPortReference spirit:componentRef="axi_vdma_0" spirit:left="0" spirit:portRef="mm2s_introut" spirit:right="0"/>
    </spirit:adHocConnection>
    <spirit:adHocConnection>
      <spirit:name>processing_system7_0_DDR_Addr</spirit:name>
      <spirit:internalPortReference spirit:componentRef="processing_system7_0" spirit:left="0" spirit:portRef="DDR_Addr" spirit:right="0"/>
      <spirit:internalPortReference spirit:componentRef="" spirit:left="0" spirit:portRef="processing_system7_0_DDR_Addr" spirit:right="0"/>
    </spirit:adHocConnection>
    <spirit:adHocConnection>
      <spirit:name>cam_interface_0_OV7670_HREF</spirit:name>
      <spirit:internalPortReference spirit:componentRef="cam_interface_0" spirit:left="0" spirit:portRef="OV7670_HREF" spirit:right="0"/>
      <spirit:internalPortReference spirit:componentRef="" spirit:left="0" spirit:portRef="cam_interface_0_OV7670_HREF_pin" spirit:right="0"/>
    </spirit:adHocConnection>
    <spirit:adHocConnection>
      <spirit:name>processing_system7_0_USB0_VBUS_PWRFAULT</spirit:name>
      <spirit:internalPortReference spirit:componentRef="processing_system7_0" spirit:left="0" spirit:portRef="USB0_VBUS_PWRFAULT" spirit:right="0"/>
      <spirit:internalPortReference spirit:componentRef="util_vector_logic_0" spirit:left="0" spirit:portRef="Res" spirit:right="0"/>
    </spirit:adHocConnection>
    <spirit:adHocConnection>
      <spirit:name>processing_system7_0_FCLK_RESET0_N</spirit:name>
      <spirit:internalPortReference spirit:componentRef="processing_system7_0" spirit:left="0" spirit:portRef="FCLK_RESET0_N" spirit:right="0"/>
      <spirit:internalPortReference spirit:componentRef="axi_interconnect_1" spirit:left="0" spirit:portRef="INTERCONNECT_ARESETN" spirit:right="0"/>
      <spirit:internalPortReference spirit:componentRef="axi_interconnect_0" spirit:left="0" spirit:portRef="INTERCONNECT_ARESETN" spirit:right="0"/>
    </spirit:adHocConnection>
    <spirit:adHocConnection>
      <spirit:name>processing_system7_0_DDR_DRSTB</spirit:name>
      <spirit:internalPortReference spirit:componentRef="processing_system7_0" spirit:left="0" spirit:portRef="DDR_DRSTB" spirit:right="0"/>
      <spirit:internalPortReference spirit:componentRef="" spirit:left="0" spirit:portRef="processing_system7_0_DDR_DRSTB" spirit:right="0"/>
    </spirit:adHocConnection>
    <spirit:adHocConnection>
      <spirit:name>processing_system7_0_DDR_DQS</spirit:name>
      <spirit:internalPortReference spirit:componentRef="processing_system7_0" spirit:left="0" spirit:portRef="DDR_DQS" spirit:right="0"/>
      <spirit:internalPortReference spirit:componentRef="" spirit:left="0" spirit:portRef="processing_system7_0_DDR_DQS" spirit:right="0"/>
    </spirit:adHocConnection>
    <spirit:adHocConnection>
      <spirit:name>axi_i2s_adi_0_LRCLK_O</spirit:name>
      <spirit:internalPortReference spirit:componentRef="axi_i2s_adi_0" spirit:left="0" spirit:portRef="LRCLK_O" spirit:right="0"/>
      <spirit:internalPortReference spirit:componentRef="" spirit:left="0" spirit:portRef="axi_i2s_adi_0_LRCLK_O_pin" spirit:right="0"/>
    </spirit:adHocConnection>
    <spirit:adHocConnection>
      <spirit:name>axi_hdmi_tx_16b_0_hdmi_hsync</spirit:name>
      <spirit:internalPortReference spirit:componentRef="axi_hdmi_tx_16b_0" spirit:left="0" spirit:portRef="hdmi_hsync" spirit:right="0"/>
      <spirit:internalPortReference spirit:componentRef="" spirit:left="0" spirit:portRef="hdmi_hsync" spirit:right="0"/>
    </spirit:adHocConnection>
    <spirit:adHocConnection>
      <spirit:name>processing_system7_0_DDR_CAS_n</spirit:name>
      <spirit:internalPortReference spirit:componentRef="processing_system7_0" spirit:left="0" spirit:portRef="DDR_CAS_n" spirit:right="0"/>
      <spirit:internalPortReference spirit:componentRef="" spirit:left="0" spirit:portRef="processing_system7_0_DDR_CAS_n" spirit:right="0"/>
    </spirit:adHocConnection>
    <spirit:adHocConnection>
      <spirit:name>axi_hdmi_tx_16b_0_hdmi_data_e</spirit:name>
      <spirit:internalPortReference spirit:componentRef="axi_hdmi_tx_16b_0" spirit:left="0" spirit:portRef="hdmi_data_e" spirit:right="0"/>
      <spirit:internalPortReference spirit:componentRef="" spirit:left="0" spirit:portRef="hdmi_data_e" spirit:right="0"/>
    </spirit:adHocConnection>
    <spirit:adHocConnection>
      <spirit:name>axi_vdma_0_mm2s_buffer_almost_empty</spirit:name>
      <spirit:internalPortReference spirit:componentRef="axi_vdma_0" spirit:left="0" spirit:portRef="mm2s_buffer_almost_empty" spirit:right="0"/>
      <spirit:internalPortReference spirit:componentRef="axi_hdmi_tx_16b_0" spirit:left="0" spirit:portRef="vdma_almost_empty" spirit:right="0"/>
    </spirit:adHocConnection>
    <spirit:adHocConnection>
      <spirit:name>processing_system7_0_IRQ_F2P</spirit:name>
      <spirit:internalPortReference spirit:componentRef="processing_system7_0" spirit:left="0" spirit:portRef="IRQ_F2P" spirit:right="0"/>
      <spirit:internalPortReference spirit:componentRef="" spirit:left="0" spirit:portRef="hdmi_int" spirit:right="0"/>
    </spirit:adHocConnection>
    <spirit:adHocConnection>
      <spirit:name>axi_vdma_0_mm2s_buffer_empty</spirit:name>
      <spirit:internalPortReference spirit:componentRef="axi_vdma_0" spirit:left="0" spirit:portRef="mm2s_buffer_empty" spirit:right="0"/>
      <spirit:internalPortReference spirit:componentRef="axi_hdmi_tx_16b_0" spirit:left="0" spirit:portRef="vdma_empty" spirit:right="0"/>
    </spirit:adHocConnection>
    <spirit:adHocConnection>
      <spirit:name>processing_system7_0_DDR_WEB</spirit:name>
      <spirit:internalPortReference spirit:componentRef="processing_system7_0" spirit:left="0" spirit:portRef="DDR_WEB" spirit:right="0"/>
      <spirit:internalPortReference spirit:componentRef="" spirit:left="0" spirit:portRef="processing_system7_0_DDR_WEB_pin" spirit:right="0"/>
    </spirit:adHocConnection>
    <spirit:adHocConnection>
      <spirit:name>processing_system7_0_DDR_BankAddr</spirit:name>
      <spirit:internalPortReference spirit:componentRef="processing_system7_0" spirit:left="0" spirit:portRef="DDR_BankAddr" spirit:right="0"/>
      <spirit:internalPortReference spirit:componentRef="" spirit:left="0" spirit:portRef="processing_system7_0_DDR_BankAddr" spirit:right="0"/>
    </spirit:adHocConnection>
    <spirit:adHocConnection>
      <spirit:name>processing_system7_0_DDR_ODT</spirit:name>
      <spirit:internalPortReference spirit:componentRef="processing_system7_0" spirit:left="0" spirit:portRef="DDR_ODT" spirit:right="0"/>
      <spirit:internalPortReference spirit:componentRef="" spirit:left="0" spirit:portRef="processing_system7_0_DDR_ODT" spirit:right="0"/>
    </spirit:adHocConnection>
    <spirit:adHocConnection>
      <spirit:name>processing_system7_0_DDR_DM</spirit:name>
      <spirit:internalPortReference spirit:componentRef="processing_system7_0" spirit:left="0" spirit:portRef="DDR_DM" spirit:right="0"/>
      <spirit:internalPortReference spirit:componentRef="" spirit:left="0" spirit:portRef="processing_system7_0_DDR_DM" spirit:right="0"/>
    </spirit:adHocConnection>
    <spirit:adHocConnection>
      <spirit:name>cam_interface_0_OV7670_PCLK</spirit:name>
      <spirit:internalPortReference spirit:componentRef="cam_interface_0" spirit:left="0" spirit:portRef="OV7670_PCLK" spirit:right="0"/>
      <spirit:internalPortReference spirit:componentRef="" spirit:left="0" spirit:portRef="cam_interface_0_OV7670_PCLK_pin" spirit:right="0"/>
    </spirit:adHocConnection>
    <spirit:adHocConnection>
      <spirit:name>processing_system7_0_MIO</spirit:name>
      <spirit:internalPortReference spirit:componentRef="processing_system7_0" spirit:left="0" spirit:portRef="MIO" spirit:right="0"/>
      <spirit:internalPortReference spirit:componentRef="" spirit:left="0" spirit:portRef="processing_system7_0_MIO" spirit:right="0"/>
    </spirit:adHocConnection>
    <spirit:adHocConnection>
      <spirit:name>axi_iic_0_Scl_O</spirit:name>
      <spirit:internalPortReference spirit:componentRef="axi_iic_0" spirit:left="0" spirit:portRef="Scl_O" spirit:right="0"/>
      <spirit:internalPortReference spirit:componentRef="util_i2c_mixer_0" spirit:left="0" spirit:portRef="upstream_scl_I" spirit:right="0"/>
    </spirit:adHocConnection>
    <spirit:adHocConnection>
      <spirit:name>axi_vdma_0_mm2s_fsync</spirit:name>
      <spirit:internalPortReference spirit:componentRef="axi_vdma_0" spirit:left="0" spirit:portRef="mm2s_fsync" spirit:right="0"/>
      <spirit:internalPortReference spirit:componentRef="axi_hdmi_tx_16b_0" spirit:left="0" spirit:portRef="vdma_fs" spirit:right="0"/>
    </spirit:adHocConnection>
    <spirit:adHocConnection>
      <spirit:name>processing_system7_0_DDR_DQ</spirit:name>
      <spirit:internalPortReference spirit:componentRef="processing_system7_0" spirit:left="0" spirit:portRef="DDR_DQ" spirit:right="0"/>
      <spirit:internalPortReference spirit:componentRef="" spirit:left="0" spirit:portRef="processing_system7_0_DDR_DQ" spirit:right="0"/>
    </spirit:adHocConnection>
    <spirit:adHocConnection>
      <spirit:name>axi_iic_0_Scl_I</spirit:name>
      <spirit:internalPortReference spirit:componentRef="axi_iic_0" spirit:left="0" spirit:portRef="Scl_I" spirit:right="0"/>
      <spirit:internalPortReference spirit:componentRef="util_i2c_mixer_0" spirit:left="0" spirit:portRef="upstream_scl_O" spirit:right="0"/>
    </spirit:adHocConnection>
    <spirit:adHocConnection>
      <spirit:name>cam_interface_0_OV7670_SIOC</spirit:name>
      <spirit:internalPortReference spirit:componentRef="cam_interface_0" spirit:left="0" spirit:portRef="OV7670_SIOC" spirit:right="0"/>
      <spirit:internalPortReference spirit:componentRef="" spirit:left="0" spirit:portRef="cam_interface_0_OV7670_SIOC_pin" spirit:right="0"/>
    </spirit:adHocConnection>
    <spirit:adHocConnection>
      <spirit:name>processing_system7_0_FCLK_RESET1_N</spirit:name>
      <spirit:internalPortReference spirit:componentRef="processing_system7_0" spirit:left="0" spirit:portRef="FCLK_RESET1_N" spirit:right="0"/>
      <spirit:internalPortReference spirit:componentRef="axi_interconnect_2" spirit:left="0" spirit:portRef="INTERCONNECT_ARESETN" spirit:right="0"/>
    </spirit:adHocConnection>
    <spirit:adHocConnection>
      <spirit:name>processing_system7_0_DDR_Clk_n</spirit:name>
      <spirit:internalPortReference spirit:componentRef="processing_system7_0" spirit:left="0" spirit:portRef="DDR_Clk_n" spirit:right="0"/>
      <spirit:internalPortReference spirit:componentRef="" spirit:left="0" spirit:portRef="processing_system7_0_DDR_Clk_n" spirit:right="0"/>
    </spirit:adHocConnection>
    <spirit:adHocConnection>
      <spirit:name>cam_interface_0_OV7670_SIOD</spirit:name>
      <spirit:internalPortReference spirit:componentRef="cam_interface_0" spirit:left="0" spirit:portRef="OV7670_SIOD" spirit:right="0"/>
      <spirit:internalPortReference spirit:componentRef="" spirit:left="0" spirit:portRef="cam_interface_0_OV7670_SIOD_pin" spirit:right="0"/>
    </spirit:adHocConnection>
    <spirit:adHocConnection>
      <spirit:name>axi_vdma_0_mm2s_fsync_out</spirit:name>
      <spirit:internalPortReference spirit:componentRef="axi_vdma_0" spirit:left="0" spirit:portRef="mm2s_fsync_out" spirit:right="0"/>
      <spirit:internalPortReference spirit:componentRef="axi_hdmi_tx_16b_0" spirit:left="0" spirit:portRef="vdma_fs_ret" spirit:right="0"/>
    </spirit:adHocConnection>
    <spirit:adHocConnection>
      <spirit:name>axi_hdmi_tx_16b_0_hdmi_clk</spirit:name>
      <spirit:internalPortReference spirit:componentRef="axi_hdmi_tx_16b_0" spirit:left="0" spirit:portRef="hdmi_clk" spirit:right="0"/>
      <spirit:internalPortReference spirit:componentRef="" spirit:left="0" spirit:portRef="hdmi_clk" spirit:right="0"/>
    </spirit:adHocConnection>
    <spirit:adHocConnection>
      <spirit:name>axi_hdmi_tx_16b_0_hdmi_vsync</spirit:name>
      <spirit:internalPortReference spirit:componentRef="axi_hdmi_tx_16b_0" spirit:left="0" spirit:portRef="hdmi_vsync" spirit:right="0"/>
      <spirit:internalPortReference spirit:componentRef="" spirit:left="0" spirit:portRef="hdmi_vsync" spirit:right="0"/>
    </spirit:adHocConnection>
    <spirit:adHocConnection>
      <spirit:name>axi_iic_0_Scl_T</spirit:name>
      <spirit:internalPortReference spirit:componentRef="axi_iic_0" spirit:left="0" spirit:portRef="Scl_T" spirit:right="0"/>
      <spirit:internalPortReference spirit:componentRef="util_i2c_mixer_0" spirit:left="0" spirit:portRef="upstream_scl_T" spirit:right="0"/>
    </spirit:adHocConnection>
    <spirit:adHocConnection>
      <spirit:name>util_vector_logic_0_Op1</spirit:name>
      <spirit:internalPortReference spirit:componentRef="util_vector_logic_0" spirit:left="0" spirit:portRef="Op1" spirit:right="0"/>
      <spirit:internalPortReference spirit:componentRef="" spirit:left="0" spirit:portRef="otg_vbusoc" spirit:right="0"/>
    </spirit:adHocConnection>
    <spirit:adHocConnection>
      <spirit:name>cam_interface_0_OV7670_XCLK</spirit:name>
      <spirit:internalPortReference spirit:componentRef="cam_interface_0" spirit:left="0" spirit:portRef="OV7670_XCLK" spirit:right="0"/>
      <spirit:internalPortReference spirit:componentRef="" spirit:left="0" spirit:portRef="cam_interface_0_OV7670_XCLK_pin" spirit:right="0"/>
    </spirit:adHocConnection>
    <spirit:adHocConnection>
      <spirit:name>processing_system7_0_PS_CLK</spirit:name>
      <spirit:internalPortReference spirit:componentRef="processing_system7_0" spirit:left="0" spirit:portRef="PS_CLK" spirit:right="0"/>
      <spirit:internalPortReference spirit:componentRef="" spirit:left="0" spirit:portRef="processing_system7_0_PS_CLK" spirit:right="0"/>
    </spirit:adHocConnection>
    <spirit:adHocConnection>
      <spirit:name>_otg_reset</spirit:name>
      <spirit:internalPortReference spirit:componentRef="" spirit:left="0" spirit:portRef="otg_reset" spirit:right="0"/>
    </spirit:adHocConnection>
    <spirit:adHocConnection>
      <spirit:name>axi_i2s_adi_0_BCLK_O</spirit:name>
      <spirit:internalPortReference spirit:componentRef="axi_i2s_adi_0" spirit:left="0" spirit:portRef="BCLK_O" spirit:right="0"/>
      <spirit:internalPortReference spirit:componentRef="" spirit:left="0" spirit:portRef="axi_i2s_adi_0_BCLK_O_pin" spirit:right="0"/>
    </spirit:adHocConnection>
    <spirit:adHocConnection>
      <spirit:name>processing_system7_0_PS_SRSTB</spirit:name>
      <spirit:internalPortReference spirit:componentRef="processing_system7_0" spirit:left="0" spirit:portRef="PS_SRSTB" spirit:right="0"/>
      <spirit:internalPortReference spirit:componentRef="" spirit:left="0" spirit:portRef="processing_system7_0_PS_SRSTB" spirit:right="0"/>
    </spirit:adHocConnection>
    <spirit:adHocConnection>
      <spirit:name>cam_interface_0_config_finished</spirit:name>
      <spirit:internalPortReference spirit:componentRef="cam_interface_0" spirit:left="0" spirit:portRef="config_finished" spirit:right="0"/>
      <spirit:internalPortReference spirit:componentRef="" spirit:left="0" spirit:portRef="cam_interface_0_config_finished_pin" spirit:right="0"/>
    </spirit:adHocConnection>
    <spirit:adHocConnection>
      <spirit:name>processing_system7_0_FCLK_CLK0</spirit:name>
      <spirit:internalPortReference spirit:componentRef="processing_system7_0" spirit:left="0" spirit:portRef="FCLK_CLK0" spirit:right="0"/>
      <spirit:internalPortReference spirit:componentRef="processing_system7_0" spirit:left="0" spirit:portRef="M_AXI_GP0_ACLK" spirit:right="0"/>
      <spirit:internalPortReference spirit:componentRef="processing_system7_0" spirit:left="0" spirit:portRef="S_AXI_HP2_ACLK" spirit:right="0"/>
      <spirit:internalPortReference spirit:componentRef="axi_vdma_0" spirit:left="0" spirit:portRef="s_axi_lite_aclk" spirit:right="0"/>
      <spirit:internalPortReference spirit:componentRef="axi_interconnect_1" spirit:left="0" spirit:portRef="INTERCONNECT_ACLK" spirit:right="0"/>
      <spirit:internalPortReference spirit:componentRef="axi_hdmi_tx_16b_0" spirit:left="0" spirit:portRef="S_AXI_ACLK" spirit:right="0"/>
      <spirit:internalPortReference spirit:componentRef="axi_interconnect_0" spirit:left="0" spirit:portRef="INTERCONNECT_ACLK" spirit:right="0"/>
      <spirit:internalPortReference spirit:componentRef="axi_iic_0" spirit:left="0" spirit:portRef="S_AXI_ACLK" spirit:right="0"/>
      <spirit:internalPortReference spirit:componentRef="axi_clkgen_0" spirit:left="0" spirit:portRef="S_AXI_ACLK" spirit:right="0"/>
      <spirit:internalPortReference spirit:componentRef="axi_i2s_adi_0" spirit:left="0" spirit:portRef="ACLK" spirit:right="0"/>
      <spirit:internalPortReference spirit:componentRef="axi_i2s_adi_0" spirit:left="0" spirit:portRef="S_AXI_ACLK" spirit:right="0"/>
      <spirit:internalPortReference spirit:componentRef="axi_i2s_adi_0" spirit:left="0" spirit:portRef="M_AXIS_ACLK" spirit:right="0"/>
      <spirit:internalPortReference spirit:componentRef="axi_dma_i2s" spirit:left="0" spirit:portRef="s_axi_lite_aclk" spirit:right="0"/>
      <spirit:internalPortReference spirit:componentRef="axi_dma_i2s" spirit:left="0" spirit:portRef="m_axi_mm2s_aclk" spirit:right="0"/>
      <spirit:internalPortReference spirit:componentRef="axi_dma_i2s" spirit:left="0" spirit:portRef="m_axi_sg_aclk" spirit:right="0"/>
      <spirit:internalPortReference spirit:componentRef="axi_dma_i2s" spirit:left="0" spirit:portRef="m_axi_s2mm_aclk" spirit:right="0"/>
      <spirit:internalPortReference spirit:componentRef="cam_interface_0" spirit:left="0" spirit:portRef="S_AXI_ACLK" spirit:right="0"/>
    </spirit:adHocConnection>
    <spirit:adHocConnection>
      <spirit:name>axi_hdmi_tx_16b_0_hdmi_data</spirit:name>
      <spirit:internalPortReference spirit:componentRef="axi_hdmi_tx_16b_0" spirit:left="0" spirit:portRef="hdmi_data" spirit:right="0"/>
      <spirit:internalPortReference spirit:componentRef="" spirit:left="0" spirit:portRef="hdmi_data" spirit:right="0"/>
    </spirit:adHocConnection>
    <spirit:adHocConnection>
      <spirit:name>_util_vector_logic_0_Op1_pin</spirit:name>
      <spirit:internalPortReference spirit:componentRef="" spirit:left="0" spirit:portRef="util_vector_logic_0_Op1_pin" spirit:right="0"/>
    </spirit:adHocConnection>
    <spirit:adHocConnection>
      <spirit:name>processing_system7_0_FCLK_CLK1</spirit:name>
      <spirit:internalPortReference spirit:componentRef="processing_system7_0" spirit:left="0" spirit:portRef="FCLK_CLK1" spirit:right="0"/>
      <spirit:internalPortReference spirit:componentRef="processing_system7_0" spirit:left="0" spirit:portRef="S_AXI_HP0_ACLK" spirit:right="0"/>
      <spirit:internalPortReference spirit:componentRef="axi_vdma_0" spirit:left="0" spirit:portRef="m_axis_mm2s_aclk" spirit:right="0"/>
      <spirit:internalPortReference spirit:componentRef="axi_vdma_0" spirit:left="0" spirit:portRef="m_axi_mm2s_aclk" spirit:right="0"/>
      <spirit:internalPortReference spirit:componentRef="axi_interconnect_2" spirit:left="0" spirit:portRef="INTERCONNECT_ACLK" spirit:right="0"/>
      <spirit:internalPortReference spirit:componentRef="axi_hdmi_tx_16b_0" spirit:left="0" spirit:portRef="vdma_clk" spirit:right="0"/>
    </spirit:adHocConnection>
    <spirit:adHocConnection>
      <spirit:name>cam_interface_0_OV7670_PWDN</spirit:name>
      <spirit:internalPortReference spirit:componentRef="cam_interface_0" spirit:left="0" spirit:portRef="OV7670_PWDN" spirit:right="0"/>
      <spirit:internalPortReference spirit:componentRef="" spirit:left="0" spirit:portRef="cam_interface_0_OV7670_PWDN_pin" spirit:right="0"/>
    </spirit:adHocConnection>
    <spirit:adHocConnection>
      <spirit:name>processing_system7_0_FCLK_CLK2</spirit:name>
      <spirit:internalPortReference spirit:componentRef="processing_system7_0" spirit:left="0" spirit:portRef="FCLK_CLK2" spirit:right="0"/>
      <spirit:internalPortReference spirit:componentRef="axi_clkgen_0" spirit:left="0" spirit:portRef="ref_clk" spirit:right="0"/>
      <spirit:internalPortReference spirit:componentRef="clock_generator_0" spirit:left="0" spirit:portRef="CLKIN" spirit:right="0"/>
    </spirit:adHocConnection>
    <spirit:adHocConnection>
      <spirit:name>processing_system7_0_DDR_CS_n</spirit:name>
      <spirit:internalPortReference spirit:componentRef="processing_system7_0" spirit:left="0" spirit:portRef="DDR_CS_n" spirit:right="0"/>
      <spirit:internalPortReference spirit:componentRef="" spirit:left="0" spirit:portRef="processing_system7_0_DDR_CS_n" spirit:right="0"/>
    </spirit:adHocConnection>
    <spirit:adHocConnection>
      <spirit:name>cam_interface_0_OV7670_RESET</spirit:name>
      <spirit:internalPortReference spirit:componentRef="cam_interface_0" spirit:left="0" spirit:portRef="OV7670_RESET" spirit:right="0"/>
      <spirit:internalPortReference spirit:componentRef="" spirit:left="0" spirit:portRef="cam_interface_0_OV7670_RESET_pin" spirit:right="0"/>
    </spirit:adHocConnection>
    <spirit:adHocConnection>
      <spirit:name>cam_interface_0_clk100</spirit:name>
      <spirit:internalPortReference spirit:componentRef="cam_interface_0" spirit:left="0" spirit:portRef="clk100" spirit:right="0"/>
      <spirit:internalPortReference spirit:componentRef="" spirit:left="0" spirit:portRef="cam_interface_0_clk100_pin" spirit:right="0"/>
    </spirit:adHocConnection>
    <spirit:adHocConnection>
      <spirit:name>axi_hdmi_tx_16b_0_hdmi_ref_clk</spirit:name>
      <spirit:internalPortReference spirit:componentRef="axi_hdmi_tx_16b_0" spirit:left="0" spirit:portRef="hdmi_ref_clk" spirit:right="0"/>
      <spirit:internalPortReference spirit:componentRef="axi_clkgen_0" spirit:left="0" spirit:portRef="clk" spirit:right="0"/>
    </spirit:adHocConnection>
    <spirit:adHocConnection>
      <spirit:name>processing_system7_0_PS_PORB</spirit:name>
      <spirit:internalPortReference spirit:componentRef="processing_system7_0" spirit:left="0" spirit:portRef="PS_PORB" spirit:right="0"/>
      <spirit:internalPortReference spirit:componentRef="" spirit:left="0" spirit:portRef="processing_system7_0_PS_PORB" spirit:right="0"/>
    </spirit:adHocConnection>
    <spirit:adHocConnection>
      <spirit:name>cam_interface_0_btn</spirit:name>
      <spirit:internalPortReference spirit:componentRef="cam_interface_0" spirit:left="0" spirit:portRef="btn" spirit:right="0"/>
      <spirit:internalPortReference spirit:componentRef="" spirit:left="0" spirit:portRef="cam_interface_0_btn_pin" spirit:right="0"/>
    </spirit:adHocConnection>
    <spirit:adHocConnection>
      <spirit:name>processing_system7_0_IRQ_F2P</spirit:name>
      <spirit:internalPortReference spirit:componentRef="processing_system7_0" spirit:left="0" spirit:portRef="IRQ_F2P" spirit:right="0"/>
      <spirit:internalPortReference spirit:componentRef="axi_dma_i2s" spirit:left="0" spirit:portRef="s2mm_introut" spirit:right="0"/>
    </spirit:adHocConnection>
    <spirit:adHocConnection>
      <spirit:name>clock_generator_0_CLKOUT0</spirit:name>
      <spirit:internalPortReference spirit:componentRef="clock_generator_0" spirit:left="0" spirit:portRef="CLKOUT0" spirit:right="0"/>
      <spirit:internalPortReference spirit:componentRef="axi_i2s_adi_0" spirit:left="0" spirit:portRef="DATA_CLK_I" spirit:right="0"/>
      <spirit:internalPortReference spirit:componentRef="" spirit:left="0" spirit:portRef="axi_i2s_adi_0_MCLK_pin" spirit:right="0"/>
    </spirit:adHocConnection>
    <spirit:adHocConnection>
      <spirit:name>cam_interface_0_OV7670_VSYNC</spirit:name>
      <spirit:internalPortReference spirit:componentRef="cam_interface_0" spirit:left="0" spirit:portRef="OV7670_VSYNC" spirit:right="0"/>
      <spirit:internalPortReference spirit:componentRef="" spirit:left="0" spirit:portRef="cam_interface_0_OV7670_VSYNC_pin" spirit:right="0"/>
    </spirit:adHocConnection>
    <spirit:adHocConnection>
      <spirit:name>processing_system7_0_IRQ_F2P</spirit:name>
      <spirit:internalPortReference spirit:componentRef="processing_system7_0" spirit:left="0" spirit:portRef="IRQ_F2P" spirit:right="0"/>
      <spirit:internalPortReference spirit:componentRef="axi_iic_0" spirit:left="0" spirit:portRef="IIC2INTC_Irpt" spirit:right="0"/>
    </spirit:adHocConnection>
  </spirit:adHocConnections>
</spirit:design_._type>
