<?xml version="1.0" encoding="UTF-8"?>
<!--Created by Kactus202:45:55 24.04.2014-->
<spirit:component xmlns:kactus2="http://funbase.cs.tut.fi/" xmlns:spirit="http://www.spiritconsortium.org/XMLSchema/SPIRIT/1.5" xmlns:xsi="http://www.w3.org/2001/XMLSchema-instance" xsi:schemaLocation="http://www.spiritconsortium.org/XMLSchema/SPIRIT/1.5 http://www.spiritconsortium.org/XMLSchema/SPIRIT/1.5/index.xsd">
	<spirit:vendor>ARM</spirit:vendor>
	<spirit:library>ip</spirit:library>
	<spirit:name>axi_dma_i2s</spirit:name>
	<spirit:version>1.0</spirit:version>
	<spirit:busInterfaces>
		<spirit:busInterface>
			<spirit:name>M_AXI_MM2S</spirit:name>
			<spirit:busType spirit:vendor="ARM" spirit:library="bus" spirit:name="axi4" spirit:version="1.0"/>
			<spirit:abstractionType spirit:vendor="ARM" spirit:library="bus" spirit:name="axi4.absDef" spirit:version="1.0"/>
			<spirit:master/>
			<spirit:connectionRequired>false</spirit:connectionRequired>
			<spirit:bitsInLau>8</spirit:bitsInLau>
			<spirit:endianness>little</spirit:endianness>
		</spirit:busInterface>
		<spirit:busInterface>
			<spirit:name>M_AXI_S2MM</spirit:name>
			<spirit:busType spirit:vendor="ARM" spirit:library="bus" spirit:name="axi4" spirit:version="1.0"/>
			<spirit:abstractionType spirit:vendor="ARM" spirit:library="bus" spirit:name="axi4.absDef" spirit:version="1.0"/>
			<spirit:master/>
			<spirit:connectionRequired>false</spirit:connectionRequired>
			<spirit:bitsInLau>8</spirit:bitsInLau>
			<spirit:endianness>little</spirit:endianness>
		</spirit:busInterface>
		<spirit:busInterface>
			<spirit:name>M_AXI_SG</spirit:name>
			<spirit:busType spirit:vendor="ARM" spirit:library="bus" spirit:name="axi4" spirit:version="1.0"/>
			<spirit:abstractionType spirit:vendor="ARM" spirit:library="bus" spirit:name="axi4.absDef" spirit:version="1.0"/>
			<spirit:master/>
			<spirit:connectionRequired>false</spirit:connectionRequired>
			<spirit:bitsInLau>8</spirit:bitsInLau>
			<spirit:endianness>little</spirit:endianness>
		</spirit:busInterface>
		<spirit:busInterface>
			<spirit:name>S_AXIS_S2MM</spirit:name>
			<spirit:busType spirit:vendor="ARM" spirit:library="bus" spirit:name="axis" spirit:version="1.0"/>
			<spirit:abstractionType spirit:vendor="ARM" spirit:library="bus" spirit:name="axis.absDef" spirit:version="1.0"/>
			<spirit:slave/>
			<spirit:connectionRequired>false</spirit:connectionRequired>
			<spirit:bitsInLau>8</spirit:bitsInLau>
			<spirit:endianness>little</spirit:endianness>
		</spirit:busInterface>
		<spirit:busInterface>
			<spirit:name>S_AXI_LITE</spirit:name>
			<spirit:busType spirit:vendor="ARM" spirit:library="bus" spirit:name="axilite" spirit:version="1.0"/>
			<spirit:abstractionType spirit:vendor="ARM" spirit:library="bus" spirit:name="axilite.absDef" spirit:version="1.0"/>
			<spirit:slave/>
			<spirit:connectionRequired>false</spirit:connectionRequired>
			<spirit:bitsInLau>8</spirit:bitsInLau>
			<spirit:endianness>little</spirit:endianness>
		</spirit:busInterface>
	</spirit:busInterfaces>
	<spirit:model>
		<spirit:views>
			<spirit:view>
				<spirit:name>rtl</spirit:name>
				<spirit:envIdentifier>::</spirit:envIdentifier>
			</spirit:view>
			<spirit:view>
				<spirit:name>structural</spirit:name>
				<spirit:envIdentifier></spirit:envIdentifier>
				<spirit:hierarchyRef spirit:vendor="ARM" spirit:library="ip" spirit:name="axi_dma.designcfg" spirit:version="1.0"/>
			</spirit:view>
		</spirit:views>
<spirit:ports>
	<spirit:port>
		<spirit:name>s_axi_lite_aclk</spirit:name>
		<spirit:wire spirit:allLogicalDirectionsAllowed="false">
			<spirit:direction>in</spirit:direction>
			<spirit:wireTypeDefs>
				<spirit:wireTypeDef>
				<spirit:typeName spirit:constrained="false">std_logic</spirit:typeName>
				<spirit:typeDefinition>IEEE.std_logic_1164.all</spirit:typeDefinition>
				<spirit:viewNameRef>flat</spirit:viewNameRef>
				<spirit:viewNameRef>hierarchical</spirit:viewNameRef>
			</spirit:wireTypeDef>
		</spirit:wireTypeDefs>
	</spirit:wire>
	<spirit:vendorExtensions/>
	</spirit:port>
	<spirit:port>
		<spirit:name>m_axi_mm2s_aclk</spirit:name>
		<spirit:wire spirit:allLogicalDirectionsAllowed="false">
			<spirit:direction>in</spirit:direction>
			<spirit:wireTypeDefs>
				<spirit:wireTypeDef>
				<spirit:typeName spirit:constrained="false">std_logic</spirit:typeName>
				<spirit:typeDefinition>IEEE.std_logic_1164.all</spirit:typeDefinition>
				<spirit:viewNameRef>flat</spirit:viewNameRef>
				<spirit:viewNameRef>hierarchical</spirit:viewNameRef>
			</spirit:wireTypeDef>
		</spirit:wireTypeDefs>
	</spirit:wire>
	<spirit:vendorExtensions/>
	</spirit:port>
	<spirit:port>
		<spirit:name>mm2s_introut</spirit:name>
		<spirit:wire spirit:allLogicalDirectionsAllowed="false">
			<spirit:direction>out</spirit:direction>
			<spirit:wireTypeDefs>
				<spirit:wireTypeDef>
				<spirit:typeName spirit:constrained="false">std_logic</spirit:typeName>
				<spirit:typeDefinition>IEEE.std_logic_1164.all</spirit:typeDefinition>
				<spirit:viewNameRef>flat</spirit:viewNameRef>
				<spirit:viewNameRef>hierarchical</spirit:viewNameRef>
			</spirit:wireTypeDef>
		</spirit:wireTypeDefs>
	</spirit:wire>
	<spirit:vendorExtensions/>
	</spirit:port>
	<spirit:port>
		<spirit:name>s2mm_introut</spirit:name>
		<spirit:wire spirit:allLogicalDirectionsAllowed="false">
			<spirit:direction>out</spirit:direction>
			<spirit:wireTypeDefs>
				<spirit:wireTypeDef>
				<spirit:typeName spirit:constrained="false">std_logic</spirit:typeName>
				<spirit:typeDefinition>IEEE.std_logic_1164.all</spirit:typeDefinition>
				<spirit:viewNameRef>flat</spirit:viewNameRef>
				<spirit:viewNameRef>hierarchical</spirit:viewNameRef>
			</spirit:wireTypeDef>
		</spirit:wireTypeDefs>
	</spirit:wire>
	<spirit:vendorExtensions/>
	</spirit:port>
	<spirit:port>
		<spirit:name>m_axi_sg_aclk</spirit:name>
		<spirit:wire spirit:allLogicalDirectionsAllowed="false">
			<spirit:direction>in</spirit:direction>
			<spirit:wireTypeDefs>
				<spirit:wireTypeDef>
				<spirit:typeName spirit:constrained="false">std_logic</spirit:typeName>
				<spirit:typeDefinition>IEEE.std_logic_1164.all</spirit:typeDefinition>
				<spirit:viewNameRef>flat</spirit:viewNameRef>
				<spirit:viewNameRef>hierarchical</spirit:viewNameRef>
			</spirit:wireTypeDef>
		</spirit:wireTypeDefs>
	</spirit:wire>
	<spirit:vendorExtensions/>
	</spirit:port>
	<spirit:port>
		<spirit:name>m_axi_s2mm_aclk</spirit:name>
		<spirit:wire spirit:allLogicalDirectionsAllowed="false">
			<spirit:direction>in</spirit:direction>
			<spirit:wireTypeDefs>
				<spirit:wireTypeDef>
				<spirit:typeName spirit:constrained="false">std_logic</spirit:typeName>
				<spirit:typeDefinition>IEEE.std_logic_1164.all</spirit:typeDefinition>
				<spirit:viewNameRef>flat</spirit:viewNameRef>
				<spirit:viewNameRef>hierarchical</spirit:viewNameRef>
			</spirit:wireTypeDef>
		</spirit:wireTypeDefs>
	</spirit:wire>
	<spirit:vendorExtensions/>
	</spirit:port>
</spirit:ports>


	</spirit:model>
<spirit:parameters>
	<spirit:parameter>
		<spirit:name>INSTANCE</spirit:name>
		<spirit:value>axi_dma_i2s</spirit:value>
	</spirit:parameter>
	<spirit:parameter>
		<spirit:name>HW_VER</spirit:name>
		<spirit:value>5.00.a</spirit:value>
	</spirit:parameter>
	<spirit:parameter>
		<spirit:name>C_INCLUDE_S2MM</spirit:name>
		<spirit:value>1</spirit:value>
	</spirit:parameter>
	<spirit:parameter>
		<spirit:name>C_INCLUDE_SG</spirit:name>
		<spirit:value>1</spirit:value>
	</spirit:parameter>
	<spirit:parameter>
		<spirit:name>C_SG_INCLUDE_STSCNTRL_STRM</spirit:name>
		<spirit:value>0</spirit:value>
	</spirit:parameter>
	<spirit:parameter>
		<spirit:name>C_SG_LENGTH_WIDTH</spirit:name>
		<spirit:value>20</spirit:value>
	</spirit:parameter>
	<spirit:parameter>
		<spirit:name>C_SG_USE_STSAPP_LENGTH</spirit:name>
		<spirit:value>0</spirit:value>
	</spirit:parameter>
	<spirit:parameter>
		<spirit:name>C_BASEADDR</spirit:name>
		<spirit:value>0x40420000</spirit:value>
	</spirit:parameter>
	<spirit:parameter>
		<spirit:name>C_HIGHADDR</spirit:name>
		<spirit:value>0x4042ffff</spirit:value>
	</spirit:parameter>
</spirit:parameters>


	<spirit:vendorExtensions>
		<kactus2:extensions>
			<kactus2:kts_attributes>
				<kactus2:kts_productHier>IP</kactus2:kts_productHier>
				<kactus2:kts_implementation>HW</kactus2:kts_implementation>
				<kactus2:kts_firmness>Template</kactus2:kts_firmness>
			</kactus2:kts_attributes>
		</kactus2:extensions>
	</spirit:vendorExtensions>
</spirit:component>
