<?xml version="1.0" encoding="UTF-8"?>
<!--Created by Kactus210:22:06 13.06.2014-->
<spirit:designConfiguration xmlns:kactus2="http://funbase.cs.tut.fi/" xmlns:spirit="http://www.spiritconsortium.org/XMLSchema/SPIRIT/1.5" xmlns:xsi="http://www.w3.org/2001/XMLSchema-instance" xsi:schemaLocation="http://www.spiritconsortium.org/XMLSchema/SPIRIT/1.5 http://www.spiritconsortium.org/XMLSchema/SPIRIT/1.5/index.xsd">
	<spirit:vendor>TUM</spirit:vendor>
	<spirit:library>soc</spirit:library>
	<spirit:name>VDMA.designcfg</spirit:name>
	<spirit:version>1.0</spirit:version>
	<spirit:designRef spirit:vendor="TUM" spirit:library="soc" spirit:name="VDMA.design" spirit:version="1.0"/>
</spirit:designConfiguration>
