<?xml version="1.0" encoding="UTF-8"?>
<!--Created by Kactus202:57:36 24.04.2014-->
<spirit:designConfiguration xmlns:kactus2="http://funbase.cs.tut.fi/" xmlns:spirit="http://www.spiritconsortium.org/XMLSchema/SPIRIT/1.5" xmlns:xsi="http://www.w3.org/2001/XMLSchema-instance" xsi:schemaLocation="http://www.spiritconsortium.org/XMLSchema/SPIRIT/1.5 http://www.spiritconsortium.org/XMLSchema/SPIRIT/1.5/index.xsd">
	<spirit:vendor>ARM</spirit:vendor>
	<spirit:library>ip</spirit:library>
	<spirit:name>cam_interface.designcfg</spirit:name>
	<spirit:version>1.0</spirit:version>
	<spirit:designRef spirit:vendor="ARM" spirit:library="ip" spirit:name="cam_interface.design" spirit:version="1.0"/>
</spirit:designConfiguration>
