<?xml version="1.0" encoding="UTF-8"?>
<!--Created by Kactus201:35:11 24.04.2014-->
<spirit:component xmlns:kactus2="http://funbase.cs.tut.fi/" xmlns:spirit="http://www.spiritconsortium.org/XMLSchema/SPIRIT/1.5" xmlns:xsi="http://www.w3.org/2001/XMLSchema-instance" xsi:schemaLocation="http://www.spiritconsortium.org/XMLSchema/SPIRIT/1.5 http://www.spiritconsortium.org/XMLSchema/SPIRIT/1.5/index.xsd">
	<spirit:vendor>ARM</spirit:vendor>
	<spirit:library>ip</spirit:library>
	<spirit:name>axi_vdma_0</spirit:name>
	<spirit:version>1.0</spirit:version>
	<spirit:busInterfaces>
		<spirit:busInterface>
			<spirit:name>M_AXIS_MM2S</spirit:name>
			<spirit:busType spirit:vendor="ARM" spirit:library="bus" spirit:name="axis" spirit:version="1.0"/>
			<spirit:abstractionType spirit:vendor="ARM" spirit:library="bus" spirit:name="axis.absDef" spirit:version="1.0"/>
			<spirit:master/>
			<spirit:connectionRequired>false</spirit:connectionRequired>
			<spirit:bitsInLau>8</spirit:bitsInLau>
			<spirit:endianness>little</spirit:endianness>
		</spirit:busInterface>
		<spirit:busInterface>
			<spirit:name>M_AXI_MM2S</spirit:name>
			<spirit:busType spirit:vendor="ARM" spirit:library="bus" spirit:name="axi4" spirit:version="1.0"/>
			<spirit:abstractionType spirit:vendor="ARM" spirit:library="bus" spirit:name="axi4.absDef" spirit:version="1.0"/>
			<spirit:master/>
			<spirit:connectionRequired>false</spirit:connectionRequired>
			<spirit:bitsInLau>8</spirit:bitsInLau>
			<spirit:endianness>little</spirit:endianness>
		</spirit:busInterface>
		<spirit:busInterface>
			<spirit:name>M_AXI_S2MM</spirit:name>
			<spirit:busType spirit:vendor="ARM" spirit:library="bus" spirit:name="axi4" spirit:version="1.0"/>
			<spirit:abstractionType spirit:vendor="ARM" spirit:library="bus" spirit:name="axi4.absDef" spirit:version="1.0"/>
			<spirit:master/>
			<spirit:connectionRequired>false</spirit:connectionRequired>
			<spirit:bitsInLau>8</spirit:bitsInLau>
			<spirit:endianness>little</spirit:endianness>
		</spirit:busInterface>
		<spirit:busInterface>
			<spirit:name>S_AXIS_S2MM</spirit:name>
			<spirit:busType spirit:vendor="ARM" spirit:library="bus" spirit:name="axis" spirit:version="1.0"/>
			<spirit:abstractionType spirit:vendor="ARM" spirit:library="bus" spirit:name="axis.absDef" spirit:version="1.0"/>
			<spirit:slave/>
			<spirit:connectionRequired>false</spirit:connectionRequired>
			<spirit:bitsInLau>8</spirit:bitsInLau>
			<spirit:endianness>little</spirit:endianness>
		</spirit:busInterface>
		<spirit:busInterface>
			<spirit:name>S_AXI_LITE</spirit:name>
			<spirit:busType spirit:vendor="ARM" spirit:library="bus" spirit:name="axilite" spirit:version="1.0"/>
			<spirit:abstractionType spirit:vendor="ARM" spirit:library="bus" spirit:name="axilite.absDef" spirit:version="1.0"/>
			<spirit:slave/>
			<spirit:connectionRequired>false</spirit:connectionRequired>
			<spirit:bitsInLau>8</spirit:bitsInLau>
			<spirit:endianness>little</spirit:endianness>
		</spirit:busInterface>
	</spirit:busInterfaces>
	<spirit:model>
		<spirit:views>
			<spirit:view>
				<spirit:name>rtl</spirit:name>
				<spirit:envIdentifier>::</spirit:envIdentifier>
			</spirit:view>
			<spirit:view>
				<spirit:name>structural</spirit:name>
				<spirit:envIdentifier></spirit:envIdentifier>
				<spirit:hierarchyRef spirit:vendor="ARM" spirit:library="ip" spirit:name="axi_vdma.designcfg" spirit:version="1.0"/>
			</spirit:view>
		</spirit:views>
	</spirit:model>
<spirit:parameters>
	<spirit:parameter>
		<spirit:name>INSTANCE</spirit:name>
		<spirit:value>axi_vdma_0</spirit:value>
	</spirit:parameter>
	<spirit:parameter>
		<spirit:name>HW_VER</spirit:name>
		<spirit:value>5.04.a</spirit:value>
	</spirit:parameter>
	<spirit:parameter>
		<spirit:name>C_USE_FSYNC</spirit:name>
		<spirit:value>1</spirit:value>
	</spirit:parameter>
	<spirit:parameter>
		<spirit:name>C_INCLUDE_S2MM</spirit:name>
		<spirit:value>0</spirit:value>
	</spirit:parameter>
	<spirit:parameter>
		<spirit:name>C_M_AXI_MM2S_DATA_WIDTH</spirit:name>
		<spirit:value>64</spirit:value>
	</spirit:parameter>
	<spirit:parameter>
		<spirit:name>C_M_AXIS_MM2S_TDATA_WIDTH</spirit:name>
		<spirit:value>64</spirit:value>
	</spirit:parameter>
	<spirit:parameter>
		<spirit:name>C_MM2S_LINEBUFFER_THRESH</spirit:name>
		<spirit:value>8</spirit:value>
	</spirit:parameter>
	<spirit:parameter>
		<spirit:name>C_BASEADDR</spirit:name>
		<spirit:value>0x43000000</spirit:value>
	</spirit:parameter>
	<spirit:parameter>
		<spirit:name>C_HIGHADDR</spirit:name>
		<spirit:value>0x4300ffff</spirit:value>
	</spirit:parameter>
</spirit:parameters>


	<spirit:vendorExtensions>
		<kactus2:extensions>
			<kactus2:kts_attributes>
				<kactus2:kts_productHier>IP</kactus2:kts_productHier>
				<kactus2:kts_implementation>HW</kactus2:kts_implementation>
				<kactus2:kts_firmness>Template</kactus2:kts_firmness>
			</kactus2:kts_attributes>
		</kactus2:extensions>
	</spirit:vendorExtensions>
</spirit:component>
