<?xml version="1.0" encoding="UTF-8"?>
<!--Created by Kactus210:26:20 25.06.2014-->
<spirit:component xmlns:kactus2="http://funbase.cs.tut.fi/" xmlns:spirit="http://www.spiritconsortium.org/XMLSchema/SPIRIT/1.5" xmlns:xsi="http://www.w3.org/2001/XMLSchema-instance" xsi:schemaLocation="http://www.spiritconsortium.org/XMLSchema/SPIRIT/1.5 http://www.spiritconsortium.org/XMLSchema/SPIRIT/1.5/index.xsd">
	<spirit:vendor>ARM</spirit:vendor>
	<spirit:library>design</spirit:library>
	<spirit:name>System</spirit:name>
	<spirit:version>1.0</spirit:version>
	<spirit:model>
		<spirit:views>
			<spirit:view>
				<spirit:name>hierarchical</spirit:name>
				<spirit:envIdentifier>::</spirit:envIdentifier>
				<spirit:hierarchyRef spirit:vendor="ARM" spirit:library="design" spirit:name="System.designcfg" spirit:version="1.0"/>
			</spirit:view>
		</spirit:views>
	</spirit:model>
<spirit:parameters>
	<spirit:parameter>
		<spirit:name>VERSION</spirit:name>
		<spirit:value>2.1.0</spirit:value>
	</spirit:parameter>
</spirit:parameters>


	<spirit:vendorExtensions>
		<kactus2:extensions>
			<kactus2:kts_attributes>
				<kactus2:kts_productHier>Global</kactus2:kts_productHier>
				<kactus2:kts_implementation>HW</kactus2:kts_implementation>
				<kactus2:kts_firmness>Template</kactus2:kts_firmness>
			</kactus2:kts_attributes>
		</kactus2:extensions>
	</spirit:vendorExtensions>
</spirit:component>
