<?xml version="1.0" encoding="UTF-8"?>
<!--Created by Kactus203:05:35 24.04.2014-->
<spirit:design xmlns:kactus2="http://funbase.cs.tut.fi/" xmlns:spirit="http://www.spiritconsortium.org/XMLSchema/SPIRIT/1.5" xmlns:xsi="http://www.w3.org/2001/XMLSchema-instance" xsi:schemaLocation="http://www.spiritconsortium.org/XMLSchema/SPIRIT/1.5 http://www.spiritconsortium.org/XMLSchema/SPIRIT/1.5/index.xsd">
	<spirit:vendor>ARM</spirit:vendor>
	<spirit:library>ip</spirit:library>
	<spirit:name>AXI_SPDIF_TX.design</spirit:name>
	<spirit:version>1.0</spirit:version>
	<spirit:vendorExtensions>
		<kactus2:columnLayout>
			<kactus2:column name="IO" contentType="0" allowedItems="1"/>
			<kactus2:column name="Buses" contentType="1" allowedItems="12"/>
			<kactus2:column name="Components" contentType="2" allowedItems="2"/>
			<kactus2:column name="IO" contentType="0" allowedItems="1"/>
		</kactus2:columnLayout>
		<kactus2:routes/>
		<kactus2:adHocVisibilities/>
	</spirit:vendorExtensions>
</spirit:design>
