<?xml version="1.0" encoding="UTF-8"?>
<!-- Created by Kactus2 - Open source IP-Xact toolset -->
<!-- http://sourceforge.net/projects/kactus2/ -->
<!-- Date: 02.10.2012 -->
<!-- Time: 18:12:57 -->
<spirit:design xmlns:kactus2="http://funbase.cs.tut.fi/" xmlns:spirit="http://www.spiritconsortium.org/XMLSchema/SPIRIT/1.5" xmlns:xsi="http://www.w3.org/2001/XMLSchema-instance" xsi:schemaLocation="http://www.spiritconsortium.org/XMLSchema/SPIRIT/1.5 http://www.spiritconsortium.org/XMLSchema/SPIRIT/1.5/index.xsd">
	<spirit:vendor>TUM</spirit:vendor>
	<spirit:library>soc</spirit:library>
	<spirit:name>System.hierarchical.design</spirit:name>
	<spirit:version>1.0</spirit:version>
	<spirit:componentInstances>
		<spirit:componentInstance>
			<spirit:instanceName>HW_acc2_0</spirit:instanceName>
			<spirit:displayName></spirit:displayName>
			<spirit:description></spirit:description>
			<spirit:componentRef spirit:vendor="TUM" spirit:library="soc" spirit:name="HW_acc2" spirit:version="1.0"/>
			<spirit:configurableElementValues/>
			<spirit:vendorExtensions>
				<kactus2:position x="770" y="330"/>
				<kactus2:portPositions>
					<kactus2:portPosition kactus2:busRef="HW2_s">
						<kactus2:position x="-80" y="40"/>
					</kactus2:portPosition>
				</kactus2:portPositions>
				<kactus2:adHocVisibilities/>
				<kactus2:propertyValues/>
			</spirit:vendorExtensions>
		</spirit:componentInstance>
		<spirit:componentInstance>
			<spirit:instanceName>CAM_0</spirit:instanceName>
			<spirit:displayName></spirit:displayName>
			<spirit:description></spirit:description>
			<spirit:componentRef spirit:vendor="TUM" spirit:library="soc" spirit:name="CAM" spirit:version="1.0"/>
			<spirit:configurableElementValues/>
			<spirit:vendorExtensions>
				<kactus2:position x="770" y="240"/>
				<kactus2:portPositions>
					<kactus2:portPosition kactus2:busRef="cam_s">
						<kactus2:position x="-80" y="40"/>
					</kactus2:portPosition>
				</kactus2:portPositions>
				<kactus2:adHocVisibilities/>
				<kactus2:propertyValues/>
			</spirit:vendorExtensions>
		</spirit:componentInstance>
		<spirit:componentInstance>
			<spirit:instanceName>HW_acc1_0</spirit:instanceName>
			<spirit:displayName></spirit:displayName>
			<spirit:description></spirit:description>
			<spirit:componentRef spirit:vendor="TUM" spirit:library="soc" spirit:name="HW_acc1" spirit:version="1.0"/>
			<spirit:configurableElementValues/>
			<spirit:vendorExtensions>
				<kactus2:position x="770" y="60"/>
				<kactus2:portPositions>
					<kactus2:portPosition kactus2:busRef="HW_s">
						<kactus2:position x="-80" y="40"/>
					</kactus2:portPosition>
				</kactus2:portPositions>
				<kactus2:adHocVisibilities/>
				<kactus2:propertyValues/>
			</spirit:vendorExtensions>
		</spirit:componentInstance>
		<spirit:componentInstance>
			<spirit:instanceName>MEM_0</spirit:instanceName>
			<spirit:displayName></spirit:displayName>
			<spirit:description></spirit:description>
			<spirit:componentRef spirit:vendor="TUM" spirit:library="soc" spirit:name="MEM" spirit:version="1.0"/>
			<spirit:configurableElementValues/>
			<spirit:vendorExtensions>
				<kactus2:position x="770" y="150"/>
				<kactus2:portPositions>
					<kactus2:portPosition kactus2:busRef="mem_s">
						<kactus2:position x="-80" y="40"/>
					</kactus2:portPosition>
				</kactus2:portPositions>
				<kactus2:adHocVisibilities/>
				<kactus2:propertyValues/>
			</spirit:vendorExtensions>
		</spirit:componentInstance>
		<spirit:componentInstance>
			<spirit:instanceName>wishbone_bus_0</spirit:instanceName>
			<spirit:displayName></spirit:displayName>
			<spirit:description></spirit:description>
			<spirit:componentRef spirit:vendor="TUM" spirit:library="soc" spirit:name="wishbone_bus" spirit:version="1.0"/>
			<spirit:configurableElementValues/>
			<spirit:vendorExtensions>
				<kactus2:position x="510" y="60"/>
				<kactus2:portPositions>
					<kactus2:portPosition kactus2:busRef="m1_wb">
						<kactus2:position x="-80" y="40"/>
					</kactus2:portPosition>
					<kactus2:portPosition kactus2:busRef="m2_wb">
						<kactus2:position x="-80" y="80"/>
					</kactus2:portPosition>
					<kactus2:portPosition kactus2:busRef="m3_wb">
						<kactus2:position x="-80" y="120"/>
					</kactus2:portPosition>
					<kactus2:portPosition kactus2:busRef="m4_wb">
						<kactus2:position x="-80" y="160"/>
					</kactus2:portPosition>
					<kactus2:portPosition kactus2:busRef="m5_wb">
						<kactus2:position x="-80" y="210"/>
					</kactus2:portPosition>
					<kactus2:portPosition kactus2:busRef="m6_wb">
						<kactus2:position x="-80" y="250"/>
					</kactus2:portPosition>
					<kactus2:portPosition kactus2:busRef="m7_wb">
						<kactus2:position x="-80" y="290"/>
					</kactus2:portPosition>
					<kactus2:portPosition kactus2:busRef="m8_wb">
						<kactus2:position x="-80" y="330"/>
					</kactus2:portPosition>
					<kactus2:portPosition kactus2:busRef="s1_wb">
						<kactus2:position x="80" y="40"/>
					</kactus2:portPosition>
					<kactus2:portPosition kactus2:busRef="s2_wb">
						<kactus2:position x="80" y="80"/>
					</kactus2:portPosition>
					<kactus2:portPosition kactus2:busRef="s3_wb">
						<kactus2:position x="80" y="120"/>
					</kactus2:portPosition>
					<kactus2:portPosition kactus2:busRef="s4_wb">
						<kactus2:position x="80" y="160"/>
					</kactus2:portPosition>
					<kactus2:portPosition kactus2:busRef="s5_wb">
						<kactus2:position x="80" y="210"/>
					</kactus2:portPosition>
					<kactus2:portPosition kactus2:busRef="s6_wb">
						<kactus2:position x="80" y="250"/>
					</kactus2:portPosition>
					<kactus2:portPosition kactus2:busRef="s7_wb">
						<kactus2:position x="80" y="290"/>
					</kactus2:portPosition>
					<kactus2:portPosition kactus2:busRef="s8_wb">
						<kactus2:position x="80" y="330"/>
					</kactus2:portPosition>
				</kactus2:portPositions>
				<kactus2:adHocVisibilities/>
				<kactus2:propertyValues/>
			</spirit:vendorExtensions>
		</spirit:componentInstance>
		<spirit:componentInstance>
			<spirit:instanceName>DMA_0</spirit:instanceName>
			<spirit:displayName></spirit:displayName>
			<spirit:description></spirit:description>
			<spirit:componentRef spirit:vendor="TUM" spirit:library="soc" spirit:name="DMA" spirit:version="1.0"/>
			<spirit:configurableElementValues/>
			<spirit:vendorExtensions>
				<kactus2:position x="250" y="150"/>
				<kactus2:portPositions>
					<kactus2:portPosition kactus2:busRef="dma_m">
						<kactus2:position x="80" y="40"/>
					</kactus2:portPosition>
				</kactus2:portPositions>
				<kactus2:adHocVisibilities/>
				<kactus2:propertyValues/>
			</spirit:vendorExtensions>
		</spirit:componentInstance>
		<spirit:componentInstance>
			<spirit:instanceName>CPU_0</spirit:instanceName>
			<spirit:displayName></spirit:displayName>
			<spirit:description></spirit:description>
			<spirit:componentRef spirit:vendor="TUM" spirit:library="soc" spirit:name="CPU" spirit:version="1.0"/>
			<spirit:configurableElementValues/>
			<spirit:vendorExtensions>
				<kactus2:position x="250" y="60"/>
				<kactus2:portPositions>
					<kactus2:portPosition kactus2:busRef="cpu_m">
						<kactus2:position x="80" y="40"/>
					</kactus2:portPosition>
				</kactus2:portPositions>
				<kactus2:adHocVisibilities/>
				<kactus2:propertyValues/>
			</spirit:vendorExtensions>
		</spirit:componentInstance>
	</spirit:componentInstances>
	<spirit:interconnections>
		<spirit:interconnection>
			<spirit:name>CAM_0_cam_s_to_wishbone_bus_0_s3_wb</spirit:name>
			<spirit:displayName></spirit:displayName>
			<spirit:description></spirit:description>
			<spirit:activeInterface spirit:componentRef="CAM_0" spirit:busRef="cam_s"/>
			<spirit:activeInterface spirit:componentRef="wishbone_bus_0" spirit:busRef="s3_wb"/>
		</spirit:interconnection>
		<spirit:interconnection>
			<spirit:name>wishbone_bus_0_s4_wb_to_HW_acc2_0_HW2_s</spirit:name>
			<spirit:displayName></spirit:displayName>
			<spirit:description></spirit:description>
			<spirit:activeInterface spirit:componentRef="wishbone_bus_0" spirit:busRef="s4_wb"/>
			<spirit:activeInterface spirit:componentRef="HW_acc2_0" spirit:busRef="HW2_s"/>
		</spirit:interconnection>
		<spirit:interconnection>
			<spirit:name>wishbone_bus_0_m2_wb_to_DMA_0_dma_m</spirit:name>
			<spirit:displayName></spirit:displayName>
			<spirit:description></spirit:description>
			<spirit:activeInterface spirit:componentRef="wishbone_bus_0" spirit:busRef="m2_wb"/>
			<spirit:activeInterface spirit:componentRef="DMA_0" spirit:busRef="dma_m"/>
		</spirit:interconnection>
		<spirit:interconnection>
			<spirit:name>wishbone_bus_0_s2_wb_to_MEM_0_mem_s</spirit:name>
			<spirit:displayName></spirit:displayName>
			<spirit:description></spirit:description>
			<spirit:activeInterface spirit:componentRef="wishbone_bus_0" spirit:busRef="s2_wb"/>
			<spirit:activeInterface spirit:componentRef="MEM_0" spirit:busRef="mem_s"/>
		</spirit:interconnection>
		<spirit:interconnection>
			<spirit:name>CPU_0_cpu_m_to_wishbone_bus_0_m1_wb</spirit:name>
			<spirit:displayName></spirit:displayName>
			<spirit:description></spirit:description>
			<spirit:activeInterface spirit:componentRef="CPU_0" spirit:busRef="cpu_m"/>
			<spirit:activeInterface spirit:componentRef="wishbone_bus_0" spirit:busRef="m1_wb"/>
		</spirit:interconnection>
		<spirit:interconnection>
			<spirit:name>wishbone_bus_0_s1_wb_to_HW_acc1_0_HW_s</spirit:name>
			<spirit:displayName></spirit:displayName>
			<spirit:description></spirit:description>
			<spirit:activeInterface spirit:componentRef="wishbone_bus_0" spirit:busRef="s1_wb"/>
			<spirit:activeInterface spirit:componentRef="HW_acc1_0" spirit:busRef="HW_s"/>
		</spirit:interconnection>
	</spirit:interconnections>
	<spirit:vendorExtensions>
		<kactus2:columnLayout>
			<kactus2:column name="IO" contentType="0" allowedItems="1" minWidth="119" width="119"/>
			<kactus2:column name="Masters" contentType="2" allowedItems="2" minWidth="259" width="259"/>
			<kactus2:column name="Bus system" contentType="2" allowedItems="2" minWidth="259" width="259"/>
			<kactus2:column name="Slave Peripherals" contentType="2" allowedItems="2" minWidth="259" width="259"/>
		</kactus2:columnLayout>
		<kactus2:routes>
			<kactus2:route kactus2:connRef="CAM_0_cam_s_to_wishbone_bus_0_s3_wb" kactus2:offPage="false">
				<kactus2:position x="690" y="280"/>
				<kactus2:position x="610" y="280"/>
				<kactus2:position x="610" y="180"/>
				<kactus2:position x="590" y="180"/>
			</kactus2:route>
			<kactus2:route kactus2:connRef="wishbone_bus_0_s4_wb_to_HW_acc2_0_HW2_s" kactus2:offPage="false">
				<kactus2:position x="590" y="220"/>
				<kactus2:position x="670" y="220"/>
				<kactus2:position x="670" y="370"/>
				<kactus2:position x="690" y="370"/>
			</kactus2:route>
			<kactus2:route kactus2:connRef="wishbone_bus_0_m2_wb_to_DMA_0_dma_m" kactus2:offPage="false">
				<kactus2:position x="430" y="140"/>
				<kactus2:position x="350" y="140"/>
				<kactus2:position x="350" y="190"/>
				<kactus2:position x="330" y="190"/>
			</kactus2:route>
			<kactus2:route kactus2:connRef="wishbone_bus_0_s2_wb_to_MEM_0_mem_s" kactus2:offPage="false">
				<kactus2:position x="590" y="140"/>
				<kactus2:position x="670" y="140"/>
				<kactus2:position x="670" y="190"/>
				<kactus2:position x="690" y="190"/>
			</kactus2:route>
			<kactus2:route kactus2:connRef="CPU_0_cpu_m_to_wishbone_bus_0_m1_wb" kactus2:offPage="false">
				<kactus2:position x="330" y="100"/>
				<kactus2:position x="430" y="100"/>
			</kactus2:route>
			<kactus2:route kactus2:connRef="wishbone_bus_0_s1_wb_to_HW_acc1_0_HW_s" kactus2:offPage="false">
				<kactus2:position x="590" y="100"/>
				<kactus2:position x="690" y="100"/>
			</kactus2:route>
		</kactus2:routes>
	</spirit:vendorExtensions>
</spirit:design>
