<?xml version="1.0" encoding="ASCII"?>
<spirit:componentType xmlns:spirit="http://www.spiritconsortium.org/XMLSchema/SPIRIT/1.5">
  <spirit:vendor>ARM</spirit:vendor>
  <spirit:library>ip</spirit:library>
  <spirit:name>axi_dma_spdif</spirit:name>
  <spirit:version>1.0</spirit:version>
  <spirit:model>
    <spirit:ports>
      <spirit:port>
        <spirit:name>s_axi_lite_aclk</spirit:name>
      </spirit:port>
      <spirit:port>
        <spirit:name>m_axi_mm2s_aclk</spirit:name>
      </spirit:port>
      <spirit:port>
        <spirit:name>mm2s_introut</spirit:name>
      </spirit:port>
      <spirit:port>
        <spirit:name>m_axi_sg_aclk</spirit:name>
      </spirit:port>
    </spirit:ports>
  </spirit:model>
  <spirit:parameters>
    <spirit:parameter>
      <spirit:name>INSTANCE</spirit:name>
      <spirit:value>axi_dma_spdif</spirit:value>
    </spirit:parameter>
    <spirit:parameter>
      <spirit:name>HW_VER</spirit:name>
      <spirit:value>5.00.a</spirit:value>
    </spirit:parameter>
    <spirit:parameter>
      <spirit:name>C_INCLUDE_S2MM</spirit:name>
      <spirit:value>0</spirit:value>
    </spirit:parameter>
    <spirit:parameter>
      <spirit:name>C_INCLUDE_SG</spirit:name>
      <spirit:value>1</spirit:value>
    </spirit:parameter>
    <spirit:parameter>
      <spirit:name>C_SG_INCLUDE_STSCNTRL_STRM</spirit:name>
      <spirit:value>0</spirit:value>
    </spirit:parameter>
    <spirit:parameter>
      <spirit:name>C_SG_LENGTH_WIDTH</spirit:name>
      <spirit:value>20</spirit:value>
    </spirit:parameter>
    <spirit:parameter>
      <spirit:name>C_BASEADDR</spirit:name>
      <spirit:value>0x40400000</spirit:value>
    </spirit:parameter>
    <spirit:parameter>
      <spirit:name>C_HIGHADDR</spirit:name>
      <spirit:value>0x4040ffff</spirit:value>
    </spirit:parameter>
  </spirit:parameters>
</spirit:componentType>
