<?xml version="1.0" encoding="ASCII"?>
<spirit:componentType xmlns:spirit="http://www.spiritconsortium.org/XMLSchema/SPIRIT/1.5">
  <spirit:vendor>ARM</spirit:vendor>
  <spirit:library>design</spirit:library>
  <spirit:name>System.design</spirit:name>
  <spirit:version>1.0</spirit:version>
  <spirit:model>
    <spirit:ports>
      <spirit:port>
        <spirit:name>processing_system7_0_MIO</spirit:name>
      </spirit:port>
      <spirit:port>
        <spirit:name>processing_system7_0_PS_SRSTB</spirit:name>
      </spirit:port>
      <spirit:port>
        <spirit:name>processing_system7_0_PS_CLK</spirit:name>
      </spirit:port>
      <spirit:port>
        <spirit:name>processing_system7_0_PS_PORB</spirit:name>
      </spirit:port>
      <spirit:port>
        <spirit:name>processing_system7_0_DDR_Clk</spirit:name>
      </spirit:port>
      <spirit:port>
        <spirit:name>processing_system7_0_DDR_Clk_n</spirit:name>
      </spirit:port>
      <spirit:port>
        <spirit:name>processing_system7_0_DDR_CKE</spirit:name>
      </spirit:port>
      <spirit:port>
        <spirit:name>processing_system7_0_DDR_CS_n</spirit:name>
      </spirit:port>
      <spirit:port>
        <spirit:name>processing_system7_0_DDR_RAS_n</spirit:name>
      </spirit:port>
      <spirit:port>
        <spirit:name>processing_system7_0_DDR_CAS_n</spirit:name>
      </spirit:port>
      <spirit:port>
        <spirit:name>processing_system7_0_DDR_WEB_pin</spirit:name>
      </spirit:port>
      <spirit:port>
        <spirit:name>processing_system7_0_DDR_BankAddr</spirit:name>
      </spirit:port>
      <spirit:port>
        <spirit:name>processing_system7_0_DDR_Addr</spirit:name>
      </spirit:port>
      <spirit:port>
        <spirit:name>processing_system7_0_DDR_ODT</spirit:name>
      </spirit:port>
      <spirit:port>
        <spirit:name>processing_system7_0_DDR_DRSTB</spirit:name>
      </spirit:port>
      <spirit:port>
        <spirit:name>processing_system7_0_DDR_DQ</spirit:name>
      </spirit:port>
      <spirit:port>
        <spirit:name>processing_system7_0_DDR_DM</spirit:name>
      </spirit:port>
      <spirit:port>
        <spirit:name>processing_system7_0_DDR_DQS</spirit:name>
      </spirit:port>
      <spirit:port>
        <spirit:name>processing_system7_0_DDR_DQS_n</spirit:name>
      </spirit:port>
      <spirit:port>
        <spirit:name>processing_system7_0_DDR_VRN</spirit:name>
      </spirit:port>
      <spirit:port>
        <spirit:name>processing_system7_0_DDR_VRP</spirit:name>
      </spirit:port>
      <spirit:port>
        <spirit:name>hdmi_clk</spirit:name>
      </spirit:port>
      <spirit:port>
        <spirit:name>hdmi_data</spirit:name>
      </spirit:port>
      <spirit:port>
        <spirit:name>hdmi_hsync</spirit:name>
      </spirit:port>
      <spirit:port>
        <spirit:name>hdmi_vsync</spirit:name>
      </spirit:port>
      <spirit:port>
        <spirit:name>hdmi_data_e</spirit:name>
      </spirit:port>
      <spirit:port>
        <spirit:name>hdmi_spdif</spirit:name>
      </spirit:port>
      <spirit:port>
        <spirit:name>hdmi_int</spirit:name>
      </spirit:port>
      <spirit:port>
        <spirit:name>otg_reset</spirit:name>
      </spirit:port>
      <spirit:port>
        <spirit:name>otg_vbusoc</spirit:name>
      </spirit:port>
      <spirit:port>
        <spirit:name>util_vector_logic_0_Op1_pin</spirit:name>
      </spirit:port>
      <spirit:port>
        <spirit:name>axi_i2s_adi_0_BCLK_O_pin</spirit:name>
      </spirit:port>
      <spirit:port>
        <spirit:name>axi_i2s_adi_0_LRCLK_O_pin</spirit:name>
      </spirit:port>
      <spirit:port>
        <spirit:name>axi_i2s_adi_0_SDATA_I_pin</spirit:name>
      </spirit:port>
      <spirit:port>
        <spirit:name>axi_i2s_adi_0_SDATA_O_pin</spirit:name>
      </spirit:port>
      <spirit:port>
        <spirit:name>axi_i2s_adi_0_MCLK_pin</spirit:name>
      </spirit:port>
      <spirit:port>
        <spirit:name>util_i2c_mixer_0_downstream_scl_pin</spirit:name>
      </spirit:port>
      <spirit:port>
        <spirit:name>util_i2c_mixer_0_downstream_sda_pin</spirit:name>
      </spirit:port>
      <spirit:port>
        <spirit:name>cam_mem_0_clk100</spirit:name>
      </spirit:port>
      <spirit:port>
        <spirit:name>cam_mem_0_OV7670_SIOC</spirit:name>
      </spirit:port>
      <spirit:port>
        <spirit:name>cam_mem_0_OV7670_RESET</spirit:name>
      </spirit:port>
      <spirit:port>
        <spirit:name>cam_mem_0_OV7670_VSYNC</spirit:name>
      </spirit:port>
      <spirit:port>
        <spirit:name>cam_mem_0_OV7670_PWDN</spirit:name>
      </spirit:port>
      <spirit:port>
        <spirit:name>cam_mem_0_OV7670_HREF</spirit:name>
      </spirit:port>
      <spirit:port>
        <spirit:name>cam_mem_0_OV7670_PCLK</spirit:name>
      </spirit:port>
      <spirit:port>
        <spirit:name>cam_mem_0_OV7670_XCLK</spirit:name>
      </spirit:port>
      <spirit:port>
        <spirit:name>cam_mem_0_config_finished</spirit:name>
      </spirit:port>
      <spirit:port>
        <spirit:name>cam_mem_0_btn</spirit:name>
      </spirit:port>
      <spirit:port>
        <spirit:name>cam_mem_0_OV7670_SIOD</spirit:name>
      </spirit:port>
      <spirit:port>
        <spirit:name>cam_mem_0_OV7670_D</spirit:name>
      </spirit:port>
    </spirit:ports>
  </spirit:model>
  <spirit:parameters>
    <spirit:parameter>
      <spirit:name>VERSION</spirit:name>
      <spirit:value>2.1.0</spirit:value>
    </spirit:parameter>
  </spirit:parameters>
</spirit:componentType>
