<?xml version="1.0" encoding="ASCII"?>
<spirit:componentType xmlns:spirit="http://www.spiritconsortium.org/XMLSchema/SPIRIT/1.5">
  <spirit:vendor>ARM</spirit:vendor>
  <spirit:library>ip</spirit:library>
  <spirit:name>util_i2c_mixer_0</spirit:name>
  <spirit:version>1.0</spirit:version>
  <spirit:model>
    <spirit:ports>
      <spirit:port>
        <spirit:name>upstream_sda_O</spirit:name>
      </spirit:port>
      <spirit:port>
        <spirit:name>upstream_sda_I</spirit:name>
      </spirit:port>
      <spirit:port>
        <spirit:name>upstream_sda_T</spirit:name>
      </spirit:port>
      <spirit:port>
        <spirit:name>upstream_scl_O</spirit:name>
      </spirit:port>
      <spirit:port>
        <spirit:name>upstream_scl_I</spirit:name>
      </spirit:port>
      <spirit:port>
        <spirit:name>upstream_scl_T</spirit:name>
      </spirit:port>
      <spirit:port>
        <spirit:name>downstream_scl</spirit:name>
      </spirit:port>
      <spirit:port>
        <spirit:name>downstream_sda</spirit:name>
      </spirit:port>
    </spirit:ports>
  </spirit:model>
  <spirit:parameters>
    <spirit:parameter>
      <spirit:name>INSTANCE</spirit:name>
      <spirit:value>util_i2c_mixer_0</spirit:value>
    </spirit:parameter>
    <spirit:parameter>
      <spirit:name>HW_VER</spirit:name>
      <spirit:value>1.00.a</spirit:value>
    </spirit:parameter>
  </spirit:parameters>
</spirit:componentType>
